-- --------------------------------------------------------
-- Host:                         127.0.0.1
-- Server version:               5.6.16 - MySQL Community Server (GPL)
-- Server OS:                    Win32
-- HeidiSQL Version:             8.3.0.4694
-- --------------------------------------------------------

/*!40101 SET @OLD_CHARACTER_SET_CLIENT=@@CHARACTER_SET_CLIENT */;
/*!40101 SET NAMES utf8 */;
/*!40014 SET @OLD_FOREIGN_KEY_CHECKS=@@FOREIGN_KEY_CHECKS, FOREIGN_KEY_CHECKS=0 */;
/*!40101 SET @OLD_SQL_MODE=@@SQL_MODE, SQL_MODE='NO_AUTO_VALUE_ON_ZERO' */;

-- Dumping database structure for jobboardvn
CREATE DATABASE IF NOT EXISTS `jobboardvn` /*!40100 DEFAULT CHARACTER SET utf8 COLLATE utf8_unicode_ci */;
USE `jobboardvn`;


-- Dumping structure for table jobboardvn.categories
CREATE TABLE IF NOT EXISTS `categories` (
  `id` int(11) NOT NULL AUTO_INCREMENT,
  `name` varchar(200) DEFAULT NULL,
  `description` text,
  `keywords` text,
  `category_order` int(11) DEFAULT NULL,
  PRIMARY KEY (`id`),
  KEY `category_order` (`category_order`)
) ENGINE=MyISAM AUTO_INCREMENT=155 DEFAULT CHARSET=utf8 COMMENT='programming/design/admin/etc.';

-- Dumping data for table jobboardvn.categories: 45 rows
/*!40000 ALTER TABLE `categories` DISABLE KEYS */;
INSERT INTO `categories` (`id`, `name`, `description`, `keywords`, `category_order`) VALUES
	(31, 'Bán hàng', NULL, NULL, NULL),
	(29, 'Bất động sản', NULL, NULL, NULL),
	(14, 'Chăm sóc sức khỏe/ Y tế', NULL, NULL, NULL),
	(26, 'Dầu khí/ Khoáng sản', NULL, NULL, NULL),
	(19, 'CNTT - Phần mềm', NULL, NULL, NULL),
	(130, 'CNTT - Phần cứng/ Mạng', NULL, NULL, NULL),
	(28, 'Dược/ Sinh học', NULL, NULL, NULL),
	(127, 'Hóa chất/ Sinh hóa/ Thực phẩm', NULL, NULL, NULL),
	(139, 'Kiến trúc', NULL, NULL, NULL),
	(142, 'Môi trường/ Xử lý chất thải', NULL, NULL, NULL),
	(4, 'Nghệ thuật/ Thiết kế/ Giải trí', NULL, NULL, NULL),
	(16, 'Nhân sự', NULL, NULL, NULL),
	(21, 'Pháp lý/ Luật ', NULL, NULL, NULL),
	(22, 'Quản lý điều hành', NULL, NULL, NULL),
	(6, 'Thư ký/ Hành chánh', NULL, NULL, NULL),
	(34, 'Vận chuyển/ Giao thông/ Kho bãi', NULL, NULL, NULL),
	(8, 'Xây dựng ', NULL, NULL, NULL),
	(24, 'Báo chí/ Biên tập viên/ Xuất bản', NULL, NULL, NULL),
	(18, 'Biên phiên dịch/ Thông dịch viên', NULL, NULL, NULL),
	(33, 'Dệt may/ Da giày', NULL, NULL, NULL),
	(148, 'Điện/ Điện tử', NULL, NULL, NULL),
	(1, 'Kế toán/ Tài chính/ Kiểm toán', NULL, NULL, NULL),
	(11, 'Kỹ thuật ứng dụng/ Cơ khí', NULL, NULL, NULL),
	(118, 'Mới tốt nghiệp/ Thực tập', NULL, NULL, NULL),
	(12, 'Người nước ngoài', NULL, NULL, NULL),
	(3, 'Nông nghiệp/ Lâm nghiệp', NULL, NULL, NULL),
	(25, 'Phi chính phủ/ Phi lợi nhuận', NULL, NULL, NULL),
	(2, 'Quảng cáo/ Khuyến mãi/ Đối ngoại', NULL, NULL, NULL),
	(136, 'Tiếp thị ', NULL, NULL, NULL),
	(27, 'Vật tư/ Mua hàng', NULL, NULL, NULL),
	(13, 'Xuất nhập khẩu/ Ngoại thương', NULL, NULL, NULL),
	(17, 'Bảo hiểm ', NULL, NULL, NULL),
	(154, 'Biên phiên dịch (tiếng Nhật)', NULL, NULL, NULL),
	(9, 'Dịch vụ khách hàng', NULL, NULL, NULL),
	(10, 'Giáo dục/ Đào tạo/ Thư viện', NULL, NULL, NULL),
	(15, 'Khách sạn/ Du lịch', NULL, NULL, NULL),
	(20, 'Lao động phổ thông', NULL, NULL, NULL),
	(5, 'Ngân hàng/ Chứng khoán/ Đầu', NULL, NULL, NULL),
	(30, 'Nhà hàng/ Dịch vụ ăn uống', NULL, NULL, NULL),
	(151, 'Ô tô', NULL, NULL, NULL),
	(145, 'Quản lý chất lượng (QA/ QC)', NULL, NULL, NULL),
	(23, 'Sản xuất/ Vận hành sản xuất', NULL, NULL, NULL),
	(7, 'Tư vấn', NULL, NULL, NULL),
	(32, 'Viễn Thông', NULL, NULL, NULL),
	(35, 'Khác', NULL, NULL, NULL);
/*!40000 ALTER TABLE `categories` ENABLE KEYS */;


-- Dumping structure for table jobboardvn.cities
CREATE TABLE IF NOT EXISTS `cities` (
  `id` char(50) NOT NULL,
  `name` varchar(50) NOT NULL,
  `code` varchar(50) DEFAULT NULL,
  PRIMARY KEY (`id`)
) ENGINE=MyISAM AUTO_INCREMENT=73 DEFAULT CHARSET=utf8;

-- Dumping data for table jobboardvn.cities: 66 rows
/*!40000 ALTER TABLE `cities` DISABLE KEYS */;
INSERT INTO `cities` (`id`, `name`, `code`) VALUES
	('HCM', 'Hồ Chí Minh', NULL),
	('BK', 'Bắc Cạn', NULL),
	('BDH', 'Bình Định', NULL),
	('CT', 'Cần Thơ', NULL),
	('DNI', 'Đồng Nai', NULL),
	('HT', 'Hà Tây', NULL),
	('HB', 'Hòa Bình', NULL),
	('LC', 'Lai Châu', NULL),
	('ND', 'Nam Định', NULL),
	('PY', 'Phú Yên', NULL),
	('QT', 'Quảng Trị', NULL),
	('TNN', 'Thái Nguyên', NULL),
	('TQ', 'Tuyên Quang', NULL),
	('NN', 'Nước Ngoài', NULL),
	('HN', 'Hà Nội', NULL),
	('BG', 'Bắc Giang', NULL),
	('BD', 'Bình Dương', NULL),
	('CB', 'Cao Bằng', NULL),
	('DT', 'Đồng Tháp', NULL),
	('HTH', 'Hà Tĩnh', NULL),
	('HY', 'Hưng Yên', NULL),
	('LD', 'Lâm Đồng', NULL),
	('NA', 'Nghệ An', NULL),
	('QB', 'Quảng Bình', NULL),
	('ST', 'Sóc Trăng', NULL),
	('THH', 'Thanh Hóa', NULL),
	('VL', 'Vĩnh Long', NULL),
	('DN', 'Đà Nẵng ', NULL),
	('BL', 'Bạc Liêu ', NULL),
	('BP', 'Bình Phước', NULL),
	('DL', 'Đắk Lắk', NULL),
	('GL', 'Gia Lai', NULL),
	('HD', 'Hải Dương ', NULL),
	('KG', 'Kiên Giang', NULL),
	('LS', 'Lạng Sơn', NULL),
	('NB', 'Ninh Bình', NULL),
	('QN', 'Quảng Nam', NULL),
	('SL', 'Sơn La', NULL),
	('TTH', 'Thừa Thiên - Huế', NULL),
	('VP', 'Vĩnh Phúc', NULL),
	('AG', 'An Giang', NULL),
	('BN', 'Bắc Ninh', NULL),
	('BT', 'Bình Thuận', NULL),
	('DNG', 'Đăk Nông', NULL),
	('HG', 'Hà Giang', NULL),
	('HP', 'Hải Phòng', NULL),
	('KH', 'Khánh Hòa', NULL),
	('LCI', 'Lào Cai', NULL),
	('NT', 'Ninh Thuận', NULL),
	('QNI', 'Quảng Ngãi', NULL),
	('TN', 'Tây Ninh', NULL),
	('TG', 'Tiền Giang', NULL),
	('YB', 'Yên Bái', NULL),
	('BRVT', 'Bà Rịa - Vũng Tàu ', NULL),
	('BTE', 'Bến Tre', NULL),
	('CM', 'Cà Mau', NULL),
	('DB', 'Điện Biên', NULL),
	('HNM', 'Hà Nam', NULL),
	('HAG', 'Hậu Giang', NULL),
	('KT', 'Kon Tum', NULL),
	('LA', 'Long An', NULL),
	('PT', 'Phú Thọ', NULL),
	('QNH', 'Quảng Ninh', NULL),
	('TB', 'Thái Bình', NULL),
	('TV', 'Trà Vinh', NULL),
	('OT', 'Khác', NULL);
/*!40000 ALTER TABLE `cities` ENABLE KEYS */;


-- Dumping structure for table jobboardvn.companies
CREATE TABLE IF NOT EXISTS `companies` (
  `id` int(10) unsigned NOT NULL AUTO_INCREMENT,
  `name` text,
  `email` varchar(100) DEFAULT '',
  `password` varchar(32) DEFAULT NULL,
  `description` text,
  `members` varchar(255) DEFAULT NULL,
  `web_url` varchar(255) DEFAULT NULL,
  `logo_url` varchar(255) DEFAULT NULL,
  `address` text,
  `city_id` int(11) DEFAULT NULL,
  `phone` varchar(50) DEFAULT NULL,
  `created_on` timestamp NULL DEFAULT CURRENT_TIMESTAMP,
  `fax` varchar(50) DEFAULT NULL,
  `careerlink_id` varchar(50) DEFAULT NULL,
  PRIMARY KEY (`id`)
) ENGINE=MyISAM AUTO_INCREMENT=30 DEFAULT CHARSET=utf8;

-- Dumping data for table jobboardvn.companies: 16 rows
/*!40000 ALTER TABLE `companies` DISABLE KEYS */;
INSERT INTO `companies` (`id`, `name`, `email`, `password`, `description`, `members`, `web_url`, `logo_url`, `address`, `city_id`, `phone`, `created_on`, `fax`, `careerlink_id`) VALUES
	(29, '                           CÔNG TY TNHH PADO                         ', '', NULL, '                 <p><strong>Công Ty TNHH PADO chuyên cung cấp và thi công nội ngoại thất. Kế thừa sự phát triển bền vững của tập đoàn Liên bang Nga, PADO được thành lập từ năm 2006. Sản phẩm chủ lực của PADO là đá thiên nhiên. Tận dụng sự đa dạng phong phú về chủng loại, màu sắc, và cấu trúc của đá kết hợp với những ý tưởng sáng tạo độc đáo, máy móc chuyên dùng tiên tiến cùng đội ngũ CBNV năng động nhiệt huyết để tạo ra những hóa văn tinh xảo với độ chính xác cao nhất. Bên cạnh đó, PADO còn cung cấp các sản phẩm nội thất, giấy dán tường, vải rèm, cửa gỗ, ... nhập khẩu từ Châu Âu. Chúng tôi luôn chào đón tất cả các bạn, những ngưởi góp phần tạo nên sự ổn định và phát triển của công ty PADO. </strong></p>                 ', '                                                       100-499                                                  ', '                           www.pado.vn                         ', 'http://www.careerlink.vn/images/default-logo.jpg?v20', 'Lầu 2 - Phòng 202B - 91 Pasteur, P. Bến Nghé, Q. 1,                                           Hồ Chí Minh,                                         Việt Nam', NULL, NULL, '2014-10-27 00:04:24', NULL, '87197'),
	(28, '                           Công Ty CP Thiết Bị Y Tế Việt Nhật                         ', '', NULL, '                 <p style="text-align: justify;"><strong>Công ty cổ phần thiết bị y tế Việt Nhật (tên tiếng Anh: J&V medical instrument JSC - tên viết tắt: JV JSC) được thành lập ngày 27 tháng 9 năm 2001 do kỹ sư Lê Văn Hướng-người đã có gần 10 năm học tập và nghiên cứu tại các trường đại học kỹ thuật hàng đầu của Nhật Bản. Công ty là đại diện của Tập đoàn Hitachi-Nhật Bản, chuyên phân phối,bảo hành, sửa chữa các thiết bị chẩn đoán hình ảnh công nghệ hiện đại,chất lượng cao của hãng. Trải qua 10 năm xây dựng và phát triển, công ty Việt Nhật đã cung cấp,lắp đặt hàng nghìn hệ thống máy móc thiết bị y tế chuyên dùng hiện đại, đặc biệt là các hệ thống thiết bị dùng trong chẩn đoán hình ảnh như: Hệ thống chụp cộng hưởng từ,Hệ thống chụp cắt lớp điện toán, Hệ thống X-quang, Hệ thống X-quang số hóa, Hệ thống siêu âm…Công ty cũng cung cấp những dịch vụ kĩ thuật tốt nhất nhằm đảm bảo cho các hệ thống trên luôn hoạt động ổn định, hỗ trợ cho các bệnh viện, trung tâm y tế, phòng khám có thể cung cấp dịch vụ khám chữa bệnh tiên tiến và ưu việt nhất cho bệnh nhân của mình. Công ty chúng tôi có một đội ngũ cán bộ,kỹ sư,nhân viên được đào tạo chính thức về thiết bị y tế tại Nhật Bản,Pháp,Singapore…và trải qua nhiều năm kinh nghiệm làm việc thực tế, có thể đáp ứng được những yêu cầu khắt khe nhất về chất lượng, thời gian cũng như hiệu quả công việc mà khách hàng đặt ra. Công ty chúng tôi luôn tâm đắc với câu châm ngôn:”Doanh nghiệp chỉ có 1 nhà lãnh đạo duy nhất và cao nhất đó chính là khách hàng” Hiện tại do nhu cầu công việc chúng tôi cần tuyển dụng:</strong></p>                 ', '                                                       100-499                                                  ', '                           http://www.ytevietnhat.com.vn/                         ', 'http://www.careerlink.vn/image/e8c61eaafad2ee3df0d20ba5457756a9?w=130&amp;h=80', 'VP đại diện tại HCM: 48-50M Hoàng Quốc Việt - Q7 -,                                           Hồ Chí Minh,                                         Việt Nam', NULL, NULL, '2014-10-27 00:04:24', NULL, '44457'),
	(24, '                           Công Ty CP Đầu Tư XD Phát Triển TM Kinh Đô/Kinh Đô TCI Group                         ', '', NULL, '                 <p style="text-align: justify;"><strong>Công ty Cổ phần Đầu tư Xây dựng Kinh Đô được thành lập theo Giấy chứng nhận đăng ký kinh doanh số 306479 ngày 09/12/1996 của Sở Kế hoạch Đầu tư thành phố Hà Nội. Công ty chuyên kinh doanh về lĩnh vực Bất động sản, đầu tư xây dựng các công trình hỗn hợp: Trung tâm thương mại, văn phòng cho thuê, căn hộ cao cấp tại các quận trong nội thành thành phố Hà Nội.</strong><br /><br /><strong>Để chuẩn bị cho kế hoạch phát triển của Công ty từ nay đến 2015, Công ty chúng tôi cần tuyển các vị trí sau:</strong><br /><br /><strong>Tiêu chí hoat động của Công ty là góp phần tạo dựng những môi trường sống và những công trình tốt nhất cho toàn thể cộng đồng.</strong></p>                 ', '                                                       100-499                                                  ', '', 'http://www.careerlink.vn/image/6880f075539aeb2c4ce72974034b8404?w=130&amp;h=80', 'VP Tầng 6, Tòa Nhà Kinh Đô, Số 93 Lò Đúc, Phường Phạm Đình Hổ, Quận Hai Bà Trưng,                                           Hà Nội,                                         Việt Nam', NULL, NULL, '2014-10-27 00:04:22', NULL, '91226'),
	(25, '                           Viện Máy Tính Việt Nam                         ', '', NULL, '                 <p style="text-align: justify;"><strong>Hãng Bảo Hành Vienmaytinh (VIỆN MÁY TÍNH VIỆT NAM) là một Hãng lớn có uy tín và mạng lưới bảo hành rộng khắp cả nước, hiện có các Trung tâm bảo hành mang thương hiệu: TrungtambaohanhApple, TrungtambaohanhMicrosoft, TrungtambaohanhToshiba, TrungtambaohanhSony, TrungtambaohanhAcer, TrungtambaohanhDell.., với hơn 250 kỹ sư và chuyên gia, 50 Trung tâm BH tại TP.HCM, Hà Nội, Đà Nẵng, Cần Thơ, Nha Trang, hai chi nhánh LaptopOne đã được nhiều báo đài đưa tin</strong><br /><br /><strong>Năm nay 2014, với mục tiêu "Tất cả s/p ĐT, <a href="http://vienmaytinh.org" target="_blank">Laptop</a>, tablet đều được bảo hành chính hãng" Vienmaytinh đã "Tiên phong trong lĩnh vực sửa chữa & cấp cứu dữ liệu" Vienmaytinh sẽ  mang đến một môi trường làm việc hiện đại và chuyên nghiệp như các hãng lớn. Đội ngũ của Vienmaytinh luôn mang trong mình một sứ mạng Bảo Hành và họ làm việc hết mình vì điều đó.</strong><br /><br /><strong>Để đáp ứng nhu cầu phát triển và mở rộng liên tục mạng lưới Hãng Bảo Hành Vienmaytinh, chúng tôi thường xuyên huấn luyện nghiệp vụ và hiện nay đang cần phỏng vấn các vị trí sau:</strong><br /><br /><strong>Địa Chỉ :178-180 Hoàng Văn Thụ , P.9 , Q. Phú Nhuận </strong></p>                 ', '                                                       25-99                                                  ', '                           vienmaytinh.com ; trungtambaohanh.vn                         ', 'http://www.careerlink.vn/images/default-logo.jpg?v20', '178-180 Hoảng Văn Thụ, p9, Q Phú Nhuận,                                           Hồ Chí Minh,                                         Việt Nam', NULL, NULL, '2014-10-27 00:04:23', NULL, '57802'),
	(26, '                           Silverland Central  Hotel                         ', '', NULL, '                 <p><strong>Khách sạn  Silverland Central là khách sạn 3* đầu tiên của Tập đoàn Khách sạn Tân Hải Long</strong></p>                 ', '                                                       100-499                                                  ', '                           www.grandsilverlandhotel.com                         ', 'http://www.careerlink.vn/image/29f6ddd7a5879878133aaf462912953f?w=130&amp;h=80', '125-133 Lý Tự Trọng, P.Bến Thành, Q.1,                                           Hồ Chí Minh,                                         Việt Nam', NULL, NULL, '2014-10-27 00:04:23', NULL, '44407'),
	(27, '                           Cốc Cốc Search Engine Project                         ', '', NULL, '                 <div style="text-align: justify; font-weight: bold;">  <p>We are an international team of geeks who are driven by goals of having a positive impact that is larger than we are. We choose our passions and go all in.</p>  <p>The Idea and inspiration to start a huge project in Vietnam is captured from intense geek-passion for technologies and genuine mindfulness for the common good, because we love this country and want to live and work here.</p>  <p>We decided to make a Vietnamese search engine in order to provide an alternative source of information for Vietnamese users and help them to search in a quick and easy-to-use way. Honestly speaking, to build a search engine - it is as difficult and expensive as to create a space program for the country, but we are ready to provide as many efforts, time and money as needed.</p>  <p>Now we are in the beginning of the long way to create product that will be used every day by every Vietnamese family, but Cốc Cốc is a company for the long term, with no exit strategy.</p>  <p>With us you\'ll have unique opportunity to:</p>  <ul>  <li>Create The Best Search Engine for searching in Vietnamese language;</li>  <li>Contribute to the development of Vietnamese Internet and its community;</li>  <li>Make the new technological breakthrough in Vietnam happen.</li>  </ul>  <p>Join us if you are ready to define how Vietnamese Internet is going to look like within next 10 years.</p>  </div>                 ', '                                                       100-499                                                  ', '                           http://coccoc.vn                         ', 'http://www.careerlink.vn/image/c8daec9d1f69228600a94ad1b683ce72?w=130&amp;h=80', 'R1202, HiTTC Building, 185 Giang Vo, Dong Da,                                           Hà Nội,                                         Việt Nam', NULL, NULL, '2014-10-27 00:04:23', NULL, '36122'),
	(22, '                           Mitsubishi Elevator Vietnam Co., Ltd.                         ', '', NULL, '                 <p style="text-align: justify;"><strong>Mitsubishi Elevator Vietnam Co., Ltd. (abbreviated to “VMEC”) have been established with 100% capital funding by 4 shareholders: Mitsubishi Electric Corporation (45%), Mitsubishi Electric Building TechnoService Co., Ltd. (25%), Mitsubishi Electric Asia Pte Ltd (5%) and Mitsubishi Corporation (25%). This shows our further commitment to extend the leading edge technologies from Mitsubishi Electric global resources for products and field engineering to our existing and future customers. </strong></p>  <p style="text-align: justify;"><strong> </strong></p>  <p style="text-align: justify;"><strong>A full-package solution for elevators and escalators from design to installation and maintenance is provided to our customers. Our company is authorized to do maintenance service for Mitsubishi Electric elevators and escalators in Vietnam and import genuine spare parts from Mitsubishi Electric Building Techno-Service Co., Ltd. in Japan who also has a spare parts stock center in Thailand named MELTEC Parts & Engineering Co., Ltd.</strong></p>                 ', '                                                       500-999                                                  ', '                           www.vmec.vn                         ', 'http://www.careerlink.vn/image/7caa2cf1a43fc1756571d9b65795a9af?w=130&amp;h=80', '60 Truong Son, W2, Tan Binh,                                           Hồ Chí Minh,                                         Việt Nam', NULL, NULL, '2014-10-27 00:04:21', NULL, '68359'),
	(23, '                           Công Ty TNHH MTV Khoa Học Và Kỹ Thuật OPPO                         ', '', NULL, '                 <p style="text-align: justify;"><strong>OPPO là một thương hiệu đã được đăng ký toàn cầu, với một lịch sử lâu dài phục vụ các khách hàng ở Bắc Mỹ, châu Âu và châu Á, cung cấp những sản phẩm nhận được nhiều đánh giá cao từ các chuyên gia trên khắp thế giới. Từ khi gia nhập thị trường điện thoại từ năm 2008, chúng tôi đã không ngừng áp dụng những công nghệ mới nhất, với chất lượng tốt nhất và sản phẩm thân thiện với người dùng nhất. Chúng tôi luôn đam mê khám phá những công nghệ mới nhất. Từ khi bắt đầu, sản phẩm của chúng tôi đã áp dụng những công nghệ tiên tiến nhất. Dẫn chứng là chiếc điện thoại OPPO Finder mỏng 6.65mm được phát hành vào giữa năm 2012, sau đó đã trở thành chiếc smartphone mỏng nhất thế giới. </strong></p>  <p style="text-align: justify;"><strong>Vào cuối năm 2012, chúng tôi đã công bố một trong những chiếc smartphone được mong đợi nhất thế giới, với màn hình 5 inch hiển thị Full HD 1080p, và camera 13 megapixel sử dụng cảm biến Stacked CMOS. Đây là chiếc smartphone đầu tiên trên thế giới có phần cứng hỗ trợ công nghệ HDR. OPPO chỉ sử dụng những thành phần chất lượng cao có sẵn trên thị trường. Chúng tôi đã liên kết với các đối tác hàng đầu quốc tế để đảm bảo có thể cung cấp cho người dùng những công nghệ mới và tốt nhất hiện có. Với năng lực R&D (reseach and develop: nghiên cứu và phát triển) độc lập, chúng tôi đã tự thiết kế, phát triển, sản xuất, quảng cáo và bán những sản phẩm của chính chúng tôi. Chúng tôi có toàn quyền kiểm soát tất cả các chuỗi cung ứng, trực tiếp từ xưởng sản xuất đến người tiêu dùng. Với cách này, chúng tôi có thể đưa ra những sản phẩm cuối cùng và đảm bảo rằng chỉ có những sản phẩm tốt nhất đến được tận tay người tiêu dùng. Khách hàng là cốt lõi trong kinh doanh, đáp ứng đầy đủ nhu cầu của khách hàng là điều kiện tiên quyết cho sự tồn tại của chúng tôi. </strong></p>  <p style="text-align: justify;"><strong>Các sản phẩm của OPPO luôn cùng phát triển với khách hàng, sự phản hồi của khách hàng luôn đóng một vai trò to lớn trong sự phát triển cả phần cứng và phần mềm. Với smartphone, chúng tôi đã nhanh chóng thông qua chu kỳ phát hành, phát hành bản cập nhật firmware hàng tuần dựa trên phản hồi của khách hàng.</strong></p>                 ', '                                                       1,000-4,999                                                  ', '                           oppomobile.vn                         ', 'http://www.careerlink.vn/image/d91a01ae61988e535d88b617240dc8f5?w=130&amp;h=80', 'Lầu 5, Tòa nhà SCB, 242 Cống quỳnh, P. Phạm Ngũ Lão, Q.1,                                           Hồ Chí Minh,                                         Việt Nam', NULL, NULL, '2014-10-27 00:04:22', NULL, '61546'),
	(21, '                           Công Ty Cổ Phần Truyền Thông VMG                         ', '', NULL, '                 <p style="text-align: justify;"><strong>VMG tự hào là Tập đoàn lớn nhất và đầu tiên tiên phong rất nhiều lĩnh vực của ngành công nghệ nội dung số ở Việt Nam như kinh doanh dịch vụ SMS cho điện thoại di dộng, game online, truyền hình trực tuyến, nhạc số…Việc đi đầu đã giúp VMG Media Group chiếm lĩnh thị trường, khẳng định vững chắc thương hiệu, xây dựng được một hệ thống phân phối rộng khắp, nâng cao kinh nghiệm và thông tin thị trường. Bước sang giai đoạn phát triển mới, VMG Media Group mong muốn thực hiện sứ mệnh tiên phong: tìm ra những định hướng mới về nội dung số, tiếp tục cải thiện và nâng cấp công nghệ, nâng cao năng lực quản lý đối với số lượng dịch vụ ngày càng lớn mạnh, xây dựng và thúc đẩy hệ thống phân phối sang phân khúc thị trường mới, cao cấp hơn, đồng thời đào tạo nguồn nhân lực chất lượng cao nhằm mục tiêu phát triển toàn diện cho VMG Media Group.</strong></p>  <p style="text-align: justify;"><strong> VMG Media Group tự hào đã xây dựng được một đội ngũ nhân viên có trình độ tri thức và nhân văn cao, giàu sức sáng tạo, phong cách làm việc trẻ trung, hiện đại, hiệu quả là những tài sản quý giá nhất đối với Tập đoàn. Với phương châm “ Quy tụ tài năng, trao quyền tự quyết, tạo môi trường làm việc tốt nhất, ưu đãi nhất, đòi hỏi sự cống hiến, hiệu quả vượt bậc” VMG rất chú trọng “Đầu tư vào nhân viên, đối xử công bằng, đòi hỏi chân thực, tận tụy, trung thành”. </strong></p>                 ', '                                                       100-499                                                  ', '                           http://vmgmedia.vn                         ', 'http://www.careerlink.vn/image/2f3a47d284e8c68004826562850290cf?w=130&amp;h=80', 'Tầng 8 tòa nhà Viễn Đông, 36 Hoàng Cầu,,                                           Hà Nội,                                         Việt Nam', NULL, NULL, '2014-10-27 00:04:21', NULL, '13881'),
	(20, '                           Công Ty Thời Trang Công Sở FORMAT                         ', '', NULL, '                 <p class="MsoNormal" style="text-align: justify;"><strong>Là công ty thời trang hàng đầu tại Việt Nam và được biết đến với thương hiệu nổi tiếng Thời trang công sở cao cấp FORMAT.</strong></p>  <p class="MsoNormal" style="text-align: justify;"><strong>Sự phát triển mạnh mẽ của công ty được thể hiện qua mạng lưới showroom đã phủ rộng khắp trên các tỉnh thành phố.</strong></p>  <p class="MsoNormal" style="text-align: justify;"><strong>Hệ thống showroom thời trang cao cấp FORMAT được đặt tại vị trí đắc địa trên các phố mua sắm nổi tiếng ở Hà Nội như Bà Triệu, Trần Duy Hưng, Tôn Đức Thắng, Chùa Bộc…</strong></p>  <p class="MsoNormal" style="text-align: justify;"> </p>  <p class="MsoNormal" style="text-align: justify;"><strong>Với mục tiêu hợp tác cùng phát triển, Thành công của bạn chính là thành công của chúng tôi.</strong></p>  <p class="MsoNormal" style="text-align: justify;"><strong>Công ty cam kết tạo cơ hội việc làm bình đẳng và không phân biệt đối xử với bất cứ lý do nào về tuổi, giới tính, sở thích, tín ngưỡng…</strong></p>  <p class="MsoNormal" style="text-align: justify;"><strong>THỜI TRANG CÔNG SỞ CAO CẤP FORMAT</strong></p>  <p class="MsoNormal" style="text-align: justify;"><strong>Website: format.vn</strong></p>  <p style="text-align: justify;"> </p>  <p class="MsoNormal" style="text-align: justify;"><strong>Fanpage Facebook: ThoiTrangFormat</strong></p>                 ', '                                                       100-499                                                  ', '                           http://format.vn/                         ', 'http://www.careerlink.vn/image/5c6f08b686dd80e0e74b645b5b2df6cb?w=130&amp;h=80', 'Số 100, đường Trần Duy Hưng, Trung Hòa, Cầu Giấy,                                           Hà Nội,                                         Việt Nam', NULL, NULL, '2014-10-27 00:04:20', NULL, '79744'),
	(18, '                           FIPB GROUP OF COMPANIES IN VIETNAM                         ', '', NULL, '                 <div class="hoso">  <div id="firmDescrip" style="clear: both;">  <p style="text-align: justify;"><strong>Tập đoàn FIPB tại Việt Nam là tập hợp các Công ty thành viên đã và đang hoạt động sản xuất kinh doanh tại Việt Nam chuyên sản xuất và kinh doanh các sản phẩm như: dây đai và dây thun, lưới đựng thực phẩm, vải thun khổ hẹp và các nguyên phụ liệu cho ngành may mặc thời trang quần áo lót, khung ghế... </strong></p>  <p style="text-align: justify;"><strong>FIPB GROUP OF COMPANIES IN VIETNAM comprises of subsidiaries and associated companies are mostly involved in the manufacturing of semi-finished products like: furniture webbing and cover elastic yarn, meat netting, narrow fabrics and other accessories for under wear, metal recliner… </strong></p>  <p style="text-align: justify;"><strong>Một trong những công ty trong Tập Đoàn là Công Ty TNHH PREMIER (VIETNAM) đang có nhu cầu cần tuyển dụng vị trí NHÂN  VIÊN BỘ PHẬN NHUỘM SỢI làm việc tại Khu Công Nghiệp Nhơn Trạch I, Tỉnh Đồng Nai </strong></p>  <p style="text-align: justify;"><strong>One of the subsidiaries in FIPB Group – PREMIER (VIETNAM) CO., LTD has the need to recruit the DYEING STAFF - Position working at Nhon Trach I Industrial Zone, Dong Nai Province.</strong></p>  </div>  </div>                 ', '                                                       100-499                                                  ', '                           www.furniweb.com.vn                         ', 'http://www.careerlink.vn/images/default-logo.jpg?v20', '60/11 Yen The, Ward 2, Tan Binh Dist,                                           Hồ Chí Minh,                                         Việt Nam', NULL, NULL, '2014-10-27 00:04:19', NULL, '20931'),
	(19, '                           Công Ty Cổ Phần MERAP GROUP                         ', '', NULL, '                 <p style="text-align: justify;"><strong>Merap Group là Công ty phân phối, sản xuất dược phẩm hàng đầu tại Việt Nam,</strong><br /><br /><strong>Là chủ sở hữu nhiều thương hiệu dẫn đầu như Thuốc nhỏ mắt OSLA, Nước biển sâu XISAT, Sữa vệ sinh phụ nữ Shema, kháng sinh MECEFIX BE, .…</strong><br /><strong> </strong><br /><strong>Các sản phẩm này đã nhận được niềm tin về chất lượng, hiệu quả điều trị và sự tín nhiệm của các Bác sĩ, Dược sĩ cũng như Người tiêu dùng.</strong><br /><br /><strong> Giữ gìn giá trị cốt lõi, phát triển chuỗi giá trị khác biệt bền vững đã giúp Merap group tiếp tục thành công với tăng trưởng doanh số 22% trong năm 2012 và 37% trong năm 2013 bất chấp khủng hoảng kinh tế tại Việt Nam.</strong><br /><br /><strong>Merap Group sẽ là nơi giúp Bạn phát huy hết tiềm năng, phát triển đúng nghề nghiệp, cùng cơ hội thăng tiến và có thu nhập cao vì :</strong><br /><br /><strong>TRIẾT LÝ KINH DOANH CỦA CHÚNG TÔI LÀ GIA TĂNG GIÁ TRỊ CÔNG TY DỰA TRÊN GIÁ TRỊ  NGƯỜI MERAP  </strong><br /><br /><strong>Nhằm phát triển chiến lược kinh doanh trong 5 năm tiếp theo, chúng tôi có nhu cầu tuyển dụng nhiều vị trí sau</strong></p>                 ', '                                                       100-499                                                  ', '                           www.merapgroup.com.vn                         ', 'http://www.careerlink.vn/image/ebc6077757dbf3c9abbac90cdf2adab5?w=130&amp;h=80', 'Thôn Bá Khê, xã Tân Tiến, huyện Văn Giang,                                           Hưng Yên,                                         Việt Nam', NULL, NULL, '2014-10-27 00:04:19', NULL, '6270'),
	(16, '                           Dairy Farm                         ', '', NULL, '                 <div style="text-align: justify; font-weight: bold;">  <p class="MsoNormal">Dairy Farm is a leading pan-Asian retailer that operates over 5,400 outlets and employed over 85,000 people in region, across many different brands and formats in 11 Asian countries: Singapore, Malaysia, Indonesia, Hong Kong, Brunei, etc.</p>  <p class="MsoNormal"><span style="font-size: 11px;"><br /></span></p>  <p class="MsoNormal"><span style="font-size: 11px;">Dairy Farm operates supermarkets, hypermarkets, health and beauty stores, convenience stores, home furnishings stores and restaurants under well-known retail brands.</span></p>  <p class="MsoNormal"> </p>  <p class="MsoNormal">In Viet Nam, Dairy Farm has two main brands: GIANT (Hypermarket & Supermarket), GUARDIAN (Health & Beauty Store)</p>  <p class="MsoNormal"> </p>  <p class="MsoNormal">For more information, please visit:</p>  <p class="MsoNormal"> * www.Guardian.com.vn</p>  <p class="MsoNormal">* www.Giant.com.vn</p>  </div>                 ', '                                                       100-499                                                  ', '                           www.guardian.com.vn                         ', 'http://www.careerlink.vn/image/5509309cc223f11d2308152b69727269?w=130&amp;h=80', 'Floor 8, 506 Nguyen Dinh Chieu, Ward 4, Dist 3,                                           Hồ Chí Minh,                                         Việt Nam', NULL, NULL, '2014-10-27 00:04:18', NULL, '10020'),
	(17, '                           Công Ty TNHH Sapporo Việt Nam                         ', '', NULL, '                 <p style="text-align: justify;"><strong> Sapporo Vietnam Ltd. was established as a joint venture between Sapporo Holdings Limited of Japan and the Vietnam National Tobacco Corporation (Vinataba) in February 2010. Proud to be the first Japanese beer brand officially launched in the Vietnamese market, we are glad to offer Sapporo Premium Beer with the highest quality to consumers.</strong></p>  <p style="text-align: justify;"><strong> Sapporo Vietnam Long An Brewery produces Sapporo Premium Beer in 330ml bottles and cans, 650ml silver cans and 20 liter beer kegs. </strong></p>  <p style="text-align: justify;"><strong>To produce the delicious, safe and reliable beer, we strictly apply the quality control standards from Japan. </strong></p>                 ', '                                                       100-499                                                  ', '', 'http://www.careerlink.vn/image/4a0bc63002b3e4606f82795996a1ed71?w=130&amp;h=80', 'Tầng 17, Tòa Nhà Green Power, 35 Tôn Đức Thắng, Q1,                                           Hồ Chí Minh,                                         Việt Nam', NULL, NULL, '2014-10-27 00:04:19', NULL, '45223'),
	(15, '                           Công Ty Cổ Phần Sợi Thế Kỷ                         ', '', NULL, '                 <div style="text-align: justify;"><span style="font-weight: bold;">Công Ty Cổ Phần Sợi Thế Kỷ được tọa lạc ở Khu Công Nghiệp Tây Bắc Củ Chi, Huyện Củ Chi, Thành Phố Hồ Chí Minh. Trong suốt quá trình hình thành và phát triển, Công ty luôn luôn khẳng định vị thế của một doanh nghiệp chuyên sản xuất sợi Polyester Textured Yarn với dây chuyền sản xuất hiện đại, nhập từ tập đoàn Oerlikon– Barmag (Germany). Tôn chỉ hoạt động của Công ty: <br /> Phục vụ khách hàng <br />Đồng tâm hiệp lực <br />Không ngừng cải tiến <br />Cùng nhau phát triển <br />Định hướng đầu tư với thiết bị hiện đại trong sản xuất, năng động trong kinh doanh. Không ngừng cầu tiến trong lĩnh vực công nghệ sợi và hệ thống quản lý chất lượng luôn nâng cấp để đáp ứng yêu cầu ngày càng cao của khách hàng trên thế giới. Tương lai không xa Công Ty Cổ Phần Sợi Thế Kỷ sẽ trở thành một Công ty hàng đầu trong khu vực và trên thế giới: mạnh về tài chính, mẫu mực về quản lý, hoạt động chuyên nghiệp.</span></div>                 ', '                                                       500-999                                                  ', '                           theky.vn                         ', 'http://www.careerlink.vn/images/default-logo.jpg?v20', 'B1-1 KCN Tây Bắc Củ Chi, Huyện Củ Chi,                                           Hồ Chí Minh,                                         Việt Nam', NULL, NULL, '2014-10-27 00:04:18', NULL, '36676'),
	(14, '                           RITA VÕ                         ', '', NULL, '                 <div style="text-align: justify; font-weight: bold;">  <div><strong>RITA VÕ là nhà phân phối độc quyền cho thiết bị vệ sinh KOHLER thương hiệu nổi tiếng của nước Mỹ. Rita Võ có 06 phòng trưng bày Kohler nằm ở tâm điểm của trung tâm xây dựng tại Việt Nam. Rita Võ cung cấp các sản phẩm xây dựng cao cấp cho thị trường toàn quốc, đặt biệt là các khu nghỉ mát và khách sạn 5 sao ở Việt Nam. </strong></div>  <div><strong>Trong hơn 15 năm hoạt động, Rita Võ không chỉ thành công trong lĩnh vực vật liệu xây dựng cao cấp mà còn được biết đến với chuỗi nhà hàng cà phê RITA danh tiếng tại trung tâm thành phố và hệ thống phân phối ôtô thương hiệu Huyndai. </strong></div>  <div><strong>RITA VÕ luôn quan niệm rằng thành công có được trong kinh doanh chính là nhờ sự nỗ lực và đóng góp to lớn của đội ngũ nhân viên. Chính vì thế, chúng tôi mang đến cho nhân viên một môi trường làm việc chất lượng cũng như những cơ hội nghề nghiệp và đào tạo tốt nhất để phát triển năng lực cá nhân của từng nhân sự, phát huy hết tiềm năng với từng vị trí công việc chính là ưu tiên số một của chúng tôi.</strong></div>  <div><strong> </strong></div>  <div><strong>Thông tin liên hệ : </strong></div>  <div><strong>Phòng Nhân Sự </strong></div>  <div><strong>CÔNG TY TNHH RITA VÕ</strong></div>  <div><strong>Trụ sở chính : 327 Xa Lộ Hà Nội, Phường An Phú, Quận 2, Tp.HCM, Việt Nam</strong></div>  <div><strong>Tel: (84-83) 7442266 – 7444399 - Fax: (84-83) 7442288 </strong></div>  <div><strong>Website: www.ritavo.com</strong></div>  </div>                 ', '                                                       1,000-4,999                                                  ', '', 'http://www.careerlink.vn/image/4642bc3798eee7aca68d09c95448a3f1?w=130&amp;h=80', '327 Xa lộ Hà Nội, KP 4, Phường An Phú, Quận 2,                                           Hồ Chí Minh,                                         Việt Nam', NULL, NULL, '2014-10-26 23:35:22', NULL, '16475');
/*!40000 ALTER TABLE `companies` ENABLE KEYS */;


-- Dumping structure for table jobboardvn.hits
CREATE TABLE IF NOT EXISTS `hits` (
  `job_id` int(10) unsigned NOT NULL,
  `created_on` datetime NOT NULL,
  `ip` varchar(15) NOT NULL,
  KEY `job_id` (`job_id`)
) ENGINE=MyISAM DEFAULT CHARSET=utf8;

-- Dumping data for table jobboardvn.hits: 0 rows
/*!40000 ALTER TABLE `hits` DISABLE KEYS */;
/*!40000 ALTER TABLE `hits` ENABLE KEYS */;


-- Dumping structure for table jobboardvn.jobs
CREATE TABLE IF NOT EXISTS `jobs` (
  `id` int(10) unsigned NOT NULL AUTO_INCREMENT,
  `company_id` int(11) DEFAULT NULL,
  `title` varchar(255) DEFAULT '',
  `description` text,
  `job_require` text,
  `contact_way` varchar(255) DEFAULT '',
  `contact_des` text,
  `contact_person` text,
  `contact_add` text,
  `contact_name` varchar(200) DEFAULT '',
  `job_salary` varchar(200) DEFAULT '',
  `cv_lang` varchar(200) DEFAULT '',
  `job_level` varchar(200) DEFAULT '',
  `applicant_level` varchar(200) DEFAULT '',
  `applicant_experience` varchar(200) DEFAULT '',
  `created_on` varchar(50) DEFAULT '0000-00-00 00:00:00',
  `end_date` varchar(50) DEFAULT '0000-00-00 00:00:00',
  `is_temp` tinyint(4) DEFAULT NULL,
  `applicant_gender` varchar(200) DEFAULT NULL,
  `applicant_age` varchar(200) DEFAULT NULL,
  `job_type` varchar(200) DEFAULT NULL,
  `is_active` tinyint(4) DEFAULT NULL,
  `views_count` int(11) DEFAULT NULL,
  `career_link_id` varchar(50) DEFAULT NULL,
  `job_code` varchar(200) DEFAULT NULL,
  `created` timestamp NULL DEFAULT CURRENT_TIMESTAMP,
  `updated` timestamp NULL DEFAULT CURRENT_TIMESTAMP ON UPDATE CURRENT_TIMESTAMP,
  PRIMARY KEY (`id`)
) ENGINE=MyISAM AUTO_INCREMENT=67 DEFAULT CHARSET=utf8;

-- Dumping data for table jobboardvn.jobs: 32 rows
/*!40000 ALTER TABLE `jobs` DISABLE KEYS */;
INSERT INTO `jobs` (`id`, `company_id`, `title`, `description`, `job_require`, `contact_way`, `contact_des`, `contact_person`, `contact_add`, `contact_name`, `job_salary`, `cv_lang`, `job_level`, `applicant_level`, `applicant_experience`, `created_on`, `end_date`, `is_temp`, `applicant_gender`, `applicant_age`, `job_type`, `is_active`, `views_count`, `career_link_id`, `job_code`, `created`, `updated`) VALUES
	(35, 14, '               Tài Xế Cho Tổng Giám Đốc tại Q.5 - Q.10 Hoặc Các Quận Lân Cận           ', '                 <p><span style="font-size: 11px;">- Lái xe dấu B2 trở lên.</span></p>  <p>- Mọi chi tiết công việc sẽ được trao đổi cụ thể trong quá trình phỏng vấn</p>                 ', '                   <p>- Cẩn thận.</p>  <p>- Kinh nghiệm lái xe du lịch trên 1 năm.</p>  <p>- Khả năng giao tiếp tốt</p>  <p>- Nhanh nhẹn, hoạt bát trong công việc.</p>                 ', 'Nộp trực tuyến, Gửi kèm File, Trực tiếp', '- Các ứng viên quan tâm có thể nộp hồ sơ trực tuyến, email hay trực tiếp đến công ty', '', '327 Xa lộ Hà Nội, KP 4, Phường An Phú, Quận 2,                                           Hồ Chí Minh,                                         Việt Nam', 'Phòng Nhân Sự', '                               Thương lượng                          ', 'Tiếng Việt', '                           Nhân viên                        ', '               Trung học             ', '               1-2 năm kinh nghiệm             ', '25/10/2014&nbsp;&nbsp;', '24/11/2014 ', NULL, '                               Nam                          ', '                               20-40                           ', '                           Toàn thời gian cố định                        ', NULL, NULL, '587026', '', '2014-10-27 00:04:18', '2014-10-27 00:04:18'),
	(36, 15, '               NV KẾ TOÁN TỔNG HỢP           ', '                 <p><strong>* Mục tiêu công việc:</strong></p>  <p>- Đáp ứng công việc của tất cả các vận hành kế toán trong bộ máy kế toán của công ty</p>  <p><strong>* Nhiệm vụ:</strong></p>  <p>- Kiểm tra đối chiếu số liệu giữa các đơn vị nội bộ, dữ liệu chi tiết và tổng hợp</p>  <p>- Kiểm tra các định khoản các nghiệp vụ phát sinh</p>  <p>- Kiểm tra sự cân đối giữa số liệu kế toán chi tiết và tổng hợp</p>  <p>- Kiểm tra số dư cuối kỳ có hợp lý và Khớp đúng với các báo cáo chi tiết</p>  <p>- Kiểm tra Hạch toán thu nhập, chi phí, khấu hao,TSCĐ, công nợ, nghiệp vụ khác, thuế GTGT</p>  <p>- In sổ chi tiết và tổng hợp công ty theo qui định</p>  <p>- Lập báo cáo tài chính theo từng quí, 6 tháng, năm và các báo cáo giải trình chi tiết</p>  <p>- Hướng dẫn xử lý và hạch toán các nghiệp vụ kế toán</p>  <p>- Thống kê và tổng hợp số liệu kế toán khi có yêu cầu</p>  <p>- Cung cấp số liệu Cho Ban Giám Đốc hoặc các đơn vị chức năng khi có yêu cầu</p>  <p>- Giải trình số liệu và cung cấp hồ sơ, số liệu cho cơ quan thuế, kiểm toán, thanh tra kiểm tra theo yêu cầu của phụ trách phòng KT-TV</p>  <p>- Kiến nghị và đề xuất biện pháp khắc phục cải tiến; Kiểm tra hồ sơ hoàn thuế</p>  <p>- Lập quyết toán thuế TNDN</p>  <p>- Hỗ trợ 50% khối lượng công việc khi có thành viên bỏ việc chưa tìm được người thay thế hay các thành viên nghỉ thai sản</p>  <p>- Chịu được áp lực công việc như: Tăng ca để hoàn thành báo cáo đúng tiến độ</p>  <p>- Cập nhật thường xuyên/mới các qui định của Pháp luật để vận dụng vào kế toán kịp thời</p>  <p><strong>* Trách nhiệm:</strong></p>  <p>- Chịu trách nhiệm trước chủ quản phòng KT về kết quả công việc được phân công đảm trách</p>  <p>- Lưu trữ, bảo quản tài liệu kế toán , bảo mật số liệu kế toán</p>  <p>- Chấp hành lệnh điều động, chỉ đạo của chủ quản trực tiếp (trong quyền hạn quy định)</p>  <p>- Thông qua công tác tổng hợp, phát hiện những điểm không phù hợp trong hoạch toán quản lý, kiểm soát chứng từ, báo cáo hoặc đề xuất xử lý phù hợp</p>  <p><strong>* Quyền hạn:</strong></p>  <p>- Thông qua chủ quản, có quyền yêu cầu kế toán phần hành và các bộ phận (khi cần) cung cấp tất cả những chứng liệu liên quan đến công tác tổng hợp số liệu</p>  <p>- Được quyền từ chối các yêu cầu thực hiện, xử lý, cung cấp thông tin sai quy định</p>  <p>- Đề xuất ý kiến, sáng kiến về chuyên môn có lợi cho công tác quản lý hạch toán</p>  <p>- Trực tiếp yêu cầu các kế toán viên điều chỉnh nghiệp vụ khi phát hiện sai</p>  <p>- Yêu cầu các kế toán viên cung cấp báo cáo kịp thời và đầy đủ theo qui định, và được phép lập biên bản các sai phạm liên quan đến việc quản lý của mình</p>  <p>- Có quyền chỉ đạo trực tiếp các nhân viên kế toán khi chủ quản vắng mặt (có ủy quyền của chủ quản phòng)</p>                 ', '                   <p>- Trình độ: Tốt nghiệp Cao đẳng trở lên thuộc ngành kế toán, kiểm toán, tài chính</p>  <p>- Có năng lực nghiệp vụ kế toán, có khả năng tổng hợp, nắm vững chế độ kế toán</p>  <p>- Tự tổ chức, sắp xếp và xây dựng kế hoạch để thực hiện nhiệm vụ được phân công</p>  <p>- Biết tổng hợp và phân tích báo cáo. Thi hành nhiệm vụ chính xác và đúng qui định</p>  <p>- Có kinh nghiệm ít nhất 2 năm liên tục làm việc trong công ty sản xuất trở lên. Có tinh thần làm việc độc lập, chịu áp lực trong công việc</p>  <p>- Ngoại ngữ : Anh văn giao tiếp</p>  <p>- Sử dụng máy vi tính thành thạo (phần mềm excel, phầm mềm SAP)</p>                 ', 'Nộp trực tuyến, Gửi kèm File, Trực tiếp', '- Các ứng viên quan tâm vui lòng nộp hồ sơ trực tuyến, qua email hay trực tiếp đến tại công ty', 'Mr Trung', 'B1-1 KCN Tây Bắc Củ Chi, Huyện Củ Chi,                                           Hồ Chí Minh,                                         Việt Nam', 'Phòng Nhân Sự', '                               Thương lượng                          ', 'Tiếng Việt', '                           Trưởng nhóm / Giám sát                        ', '               Cử nhân             ', '               2-5 năm kinh nghiệm             ', '25/10/2014&nbsp;&nbsp;', '24/11/2014 ', NULL, '                               Nam/Nữ                          ', '                               30-35                           ', '                           Toàn thời gian cố định                        ', NULL, NULL, '586980', '0003', '2014-10-27 00:04:18', '2014-10-27 00:04:18'),
	(37, 16, '               Nhân Viên Bán Hàng Guardian (Vũng Tàu)           ', '                 <p style="text-align: justify;">- Nắm vững các sản phẩm và giá cả sản phẩm tại cửa hàng</p>  <p style="text-align: justify;">- Phụ trách bán hàng, tư vấn và và giải đáp thắc mắc của khách hàng về sản phẩm</p>  <p style="text-align: justify;">- Đảm bảo hàng hóa trưng bày đẩy đủ, các khu vực bán hàng, quầy kệ, quầy thu ngân ngăn nắp, sạch sẽ và gọn gàng.</p>  <p style="text-align: justify;">- Đảm bảo các nhãn hàng hóa, giá sản phẩm phải phải đúng với mặt hàng và khu vực trưng bày.</p>  <p style="text-align: justify;">- Thường xuyên lau chùi sạch sẽ hàng hóa, kiểm tra lượng hàng bán trưng bày để đảm bảo mặt hàng gần hết hạn/hết hạn sử dụng phải được lọai bỏ khỏi quầy.</p>  <p style="text-align: justify;">- Đảm bảo hàng hóa bán được tính chính xác và hiệu quả</p>  <p style="text-align: justify;">- Các công việc liên quan được giao bởi Cửa hàng trưởng và Cửa hàng phó.</p>  <p style="text-align: justify;"><strong>** Ưu tiên làm việc tại Lam Sơn Square và Ba Cu (VT)</strong></p>  <p style="text-align: justify;"><strong><br /></strong></p>  <p style="text-align: justify;">PHÚC LỢI:</p>  <p style="text-align: justify;">- 1 ngày nghỉ/tuần</p>  <p style="text-align: justify;">* Phúc lợi: đầy đủ theo quy định của Luật Lao động Việt Nam (BHXH, phép năm, thai sản, ốm đau,..)</p>  <p style="text-align: justify;">* Phúc lợi của tập đoàn:</p>  <p style="text-align: justify;">- Bảo hiểm tai nạn và sức khỏe 24/24</p>  <p style="text-align: justify;">- Khám sức khỏe định kì 1 lần/năm</p>  <p style="text-align: justify;">- Tham gia tiệc nhân viên 1 lần/năm và các hoạt động xã hội, phong trào của tập đoàn</p>  <p style="text-align: justify;">- Cơ hội phát triển nghề nghiệp hấp dẫn tại môi trường chuyên nghiệp: quy trình đánh giá, xem xét tăng lương, thăng tiến, cấp bậc rõ ràng.</p>  <p style="text-align: justify;">- Cơ hội phát triển nghề nghiệp: Nhân viên Bán hàng -> Chuyên viên Bán hàng -> Cửa hàng Phó -> Cửa hàng Trưởng -> Quản lý Khu vực.</p>  <p style="text-align: justify;"> </p>  <p style="text-align: justify;">- Được tham gia đào tạo nâng cao kĩ năng và chuyên môn</p>                 ', '                   <p style="text-align: justify;">- Ngoại hình ưa nhìn</p>  <p style="text-align: justify;">- Khả năng giao tiếp, tư vấn, thuyết phục và chăm sóc khách hàng tốt</p>  <p style="text-align: justify;">- Vui vẻ, nhanh nhẹn, cẩn thận, siêng năng, ham học hỏi và có tinh thần cầu tiến</p>  <p style="text-align: justify;">- Chấp nhận làm xoay ca, ca sáng: 8.00 – 16.00; ca chiều: 14.00 – 22.00 (Xoay ca liên tục do cửa hàng sắp xếp)</p>  <p style="text-align: justify;">* Ưu tiên ứng viên có kinh nghiệm tư vấn, bán hàng, chăm sóc khách hàng.</p>                 ', 'Nộp trực tuyến, Gửi kèm File, Trực tiếp', '- Các ứng viên quan tâm có thê nộp hồ sơ trực tuyến, gửi kèm file CV/SYLL và hình', 'Ms.Kha', 'Floor 8, 506 Nguyen Dinh Chieu, Ward 4, Dist 3,                                           Hồ Chí Minh,                                         Việt Nam', 'Phòng Nhân Sự', '                                                 Hơn 3,000,000VNĐ                                           ', 'Tiếng Việt', '                           Nhân viên                        ', '               Trung học             ', '               1-2 năm kinh nghiệm             ', '25/10/2014&nbsp;&nbsp;', '24/11/2014 ', NULL, '                               Nữ                          ', '                               18-32                           ', '                           Toàn thời gian cố định                        ', NULL, NULL, '586936', '', '2014-10-27 00:04:18', '2014-10-27 00:04:18'),
	(38, 15, '               CHUYÊN VIÊN I.R           ', '                 <p><strong>1. Mục tiêu công việc:</strong><br />- Chịu trách nhiệm đáp ứng nhu cầu thông tin cho nhà đầu tư hiện hữu và tiềm năng<br />- Thực hiện nghĩa vụ công bố thông tin với tư cách là công ty đại chúng<br />- Đảm bảo hoạt động quản lý cổ đông chuyên nghiệp và hiệu quả<br />- Xây dựng hình ảnh công ty trong mắt cộng đồng đầu tư (nhà đầu tư, công ty chứng khoán, quỹ đầu tư, chuyên viên phân tích, công ty quản lý quỹ…)<br />- Tổ chức sự kiện công ty<br />- Xây dựng hoạt động PR xây dựng hình ảnh công ty<br /><strong>2. Nhiệm vụ cụ thể:</strong><br />* Đáp ứng nhu cầu thông tin cho Nhà đầu tư<br />- Thông qua nhiều hình thức khác nhau đáp ứng nhu cầu thông tin cho nhà đầu tư hiện hữu và tiềm năng (trang web, nội dung trình bày, phim tư liệu, các cuộc gặp trực tiếp, trả<br />- Phát triển database về nhà đầu tư, từ đó thường xuyên cập nhật thông tin kịp thời đến nhà đầu tư<br />* Công bố thông tin:<br />- Công bố thông tin theo đúng quy định của Ủy ban chứng khoán nhà nước và Sở giao dịch Chứng khoán TPHCM (sau khi niêm yết)<br />- Theo dõi các quy định pháp luật có liên quan đến nghĩa vụ của công ty niêm yết. Thực hiện các công việc để tuân thủ đúng các quy định pháp luật đó<br />* Quản lý cổ đông<br />- Quản lý danh sách cổ đông<br />- Theo dõi các giao dịch cổ phiếu<br />- Tạo điều kiện thuận lợi cho các giao dịch cổ phiếu giữa các cổ đông<br />- Theo dõi hoạt động giao dịch trên sàn chứng khoán (sau khi niêm yết), kịp thời có hướng xử lý khi tình hình giao dịch diễn ra không thuận lợi<br />* Xây dựng hình ảnh công ty trong mắt nhà đầu tư<br />- Thông qua trang web, cung cấp thông tin về công ty nhanh chóng và chuyên nghiệp<br />- Thông qua các nội dung trình bày (Presentation), phim tư liệu, hướng dẫn tham quan, trả lời câu hỏi, tiếp xúc với nhà đầu tư… xây dựng hình ảnh công ty minh bạch và chuyên nghiệp, qua đó thu hút sự quan tâm của cộng đồng đầu tư<br />* Tổ chức sự kiện<br />- Đầu mối điều phối và tổ chức các sự kiện công ty, hỗ trợ cho việc xây dựng hình ảnh công ty<br />- Đảm bảo quy trình tổ chức sự kiện diễn ra chuyên nghiệp và suôn sẻ<br />* Xây dựng hoạt động PR<br />- Thiết lập mối quan hệ tốt với các cơ quan báo chí, truyền thông<br />- Kịp thời đăng tải các thông tin của công ty trên phương tiện truyền thông theo quy định của cơ quan chủ quản (UBCKNN và Sở GDCKTPHCM)<br />- Truyền thông hiệu quả cho các sự kiện quan trọng diễn ra trong công ty thông qua thông cáo báo chí, các bài phỏng vấn, bài viết PR…<br />- Xử lý khủng hoảng thông tin nếu có phát sinh<br />* KPIs:<br />- Đảm bảo sự hài lòng của cộng đồng đầu tư về mức độ minh bạch của công ty<br />- Đảm bảo không xảy ra sự cố liên quan đến công bố thông tin<br />- Sự kiện công ty diễn ra thành công và chuyên nghiệp</p>                 ', '                   <p>-Trình độ văn hóa: tốt nghiệp Đại học trở lên<br />- Chuyên môn: Các ngành nghề liên quan đến kinh tế, tài chính, chứng khoán, quản trị kinh doanh<br />- Có ít nhất 03 năm kinh nghiệm trong lĩnh vực IR, PR, đối ngoại, tổ chức sự kiện<br />- Biết cách tổ chức sắp xếp công việc hợp lý, khoa học<br />- Thành thạo vi tính văn phòng (word, excell, powerpoint)<br />- Tiếng Anh: Lưu loát (cả nói và viết)<br />- Khả năng viết và trình bày văn bản xuất sắc<br />- Phẩm chất: tự tin, chuyên nghiệp, nhanh nhẹn, sáng tạo<br />- Có khả năng làm việc độc lập với áp lực cao<br />- Khả năng thuyết phục, kỹ năng thuyết trình, điều phối công việc<br />- Sức khỏe: tốt</p>                 ', 'Nộp trực tuyến, Gửi kèm File, Trực tiếp', '- Các ứng viên quan tâm vui lòng nộp hồ sơ trực tuyến, qua email hay trực tiếp đến tại công ty', 'Mr Trung', 'B1-1 KCN Tây Bắc Củ Chi, Huyện Củ Chi,                                           Hồ Chí Minh,                                         Việt Nam', 'Phòng Nhân Sự', '                               Thương lượng                          ', 'Tiếng Việt', '                           Trưởng nhóm / Giám sát                        ', '               Cử nhân             ', '               2-5 năm kinh nghiệm             ', '25/10/2014&nbsp;&nbsp;', '24/11/2014 ', NULL, '                               Nam/Nữ                          ', '                               30-35                           ', '                           Toàn thời gian cố định                        ', NULL, NULL, '586925', '005', '2014-10-27 00:04:18', '2014-10-27 00:04:18'),
	(39, 17, '               RECEPTIONIST / Nhân viên Lễ tân           ', '                 <p style="text-align: justify;"><strong>* Responsibilities / Trách nhiệm</strong></p>  <p style="text-align: justify;">- Make customers satisfy when they contact with SVL / Làm hài lòng khách hàng khi liên hệ công tác với công ty.</p>  <p style="text-align: justify;">- Ensure all assigned tasks complete on time and accurate / Đảm bảo tất cả các công việc được giao hoàn thành kịp thời và chính xác.</p>  <p style="text-align: justify;"><strong>* Key tasks / Nhiệm vụ chính</strong></p>  <p style="text-align: justify;">A. Reception / Công việc lễ tân</p>  <p style="text-align: justify;">- Welcome guests, partners… and keep the relevant individuals informed / Đón tiếp khách, đối tác… đến công ty và thông báo cho những cá nhân liên quan</p>  <p style="text-align: justify;">- Handle all incoming calls to catch their inquiries, transfer to relevant individuals / Tiếp tất cả các cuộc gọi đến để nắm bắt được những yêu cầu của người gọi, chuyển cuộc gọi cho những cá nhân liên quan.</p>  <p style="text-align: justify;">- Coordinator and arrangement for meeting room / Điều phối và sắp xếp phòng họp</p>  <p style="text-align: justify;">- Handle and deliver couriers to concerned individuals / Nhận và chuyển thư, bưu phẩm.</p>  <p style="text-align: justify;">B. Administration / Công việc hành chính</p>  <p style="text-align: justify;">- Update employee contact list (send to all employees) and bike parking list at Green Power (register to Green Power Management Office) / Định kỳ cập nhật danh sách liên lạc nội bộ (gửi cho tất cả nhân viên) và danh sách đậu xe máy tại Green Power (đăng ký với Quản lý tòa nhà).</p>  <p style="text-align: justify;">- Liaise with suppliers to order stationery, tonner, flowers, air tickets, name card… / Liên hệ với nhà cung cấp để đặt hàng văn phòng phẩm, mực in, hoa, vé máy bay, danh thiếp …</p>  <p style="text-align: justify;">- Manage and control taxi card (register, extension, solving problem related to taxi card) / Quản lý thẻ taxi (đăng ký, gia hạn, báo mất, kiểm soát thẻ và giải quyết các sự cố).</p>  <p style="text-align: justify;">- In charge of small company event such as International woman day (8/3), Vietnamese woman day (20/10), Mid-autumn day, Greeting card … and support for big event (company trip, TET party, Foundation anniversary …) / Phụ trách các sự kiện nhỏ của công ty như ngày Quốc tế phụ nữ (8/3), ngày Phụ nữ Việt nam (20/10), Bánh trung thu, Thiệp tết … và hỗ trợ các tiệc lớn khác như Tiệc tất niên, du lịch công ty hàng năm, Kỷ niệm ngày thành lập tập đoàn.</p>  <p style="text-align: justify;">C. Other tasks / Những nhiệm vụ khác</p>  <p style="text-align: justify;">- Check and prepare payment request for all payment of Hanoi office (office rental fee, electric, parking, stationery, photocopy machine …) / Kiểm tra và lập thủ tục thanh toán cho văn phòng Hà nội (tiền thuê văn phòng, điện, nước, đậu xe, văn phòng phẩm, máy photocopy …).</p>  <p style="text-align: justify;">- Buy & sell office equipment of HCMC / Mua, bán các công cụ, thiết bị thuộc văn phòng HCM.</p>  <p style="text-align: justify;">- Prepare attendance record for Corporate Strategy Division / Lập bảng chấm công cho toàn khối Chiến lược doanh nghiệp.</p>  <p style="text-align: justify;">- Other tasks as assigned by HR & Admin Manager / Những nhiệm vụ khác được giao bởi Trưởng phòng Hành chính Nhân sự.</p>                 ', '                   <p style="text-align: justify;"><strong>* Knowledge / Kiến thức</strong></p>  <p style="text-align: justify;">- Vocational school graduate or higher diploma / Tốt nghiệp trung học hoặc cao hơn</p>  <p style="text-align: justify;">* Experience / Kinh nghiệm</p>  <p style="text-align: justify;">- At least one year experience as a receptionist / Ít nhất một năm kinh nghiệm làm việc ở vị trí lễ tân</p>  <p style="text-align: justify;"><strong>* Skills / Kỹ năng</strong></p>  <p style="text-align: justify;">- Computer skill / Kỹ năng vi tính: Microsoft Word, Excel</p>  <p style="text-align: justify;">- Language skill / Kỹ năng ngoại ngữ: good at English, especially in speaking and listening/ tiếng Anh tốt, đặc biệt là kỹ năng nghe và nói</p>  <p style="text-align: justify;">- Time management skill / Kỹ năng quản lý thời gian, Solving problem skill / Kỹ năng giải quyết vấn đề, Communication skill / Kỹ năng giao tiếp</p>  <p style="text-align: justify;"><strong> * Characters / Tính cách</strong></p>  <p style="text-align: justify;">- Careful / cẩn thận , accuracy / chính xác, active / năng động, friendly / thân thiện.</p>  <p style="text-align: justify;">- Organized person / biết tổ chức công việc.</p>  <p style="text-align: justify;"><strong>* Apperance / Ngoại hình</strong></p>  <p style="text-align: justify;">- Must be a female aged less than 26 / Nữ dưới 26 tuổi</p>  <p style="text-align: justify;">- 158 cm or above in height / Cao ít nhất 158 cm</p>  <p style="text-align: justify;">- Good looks / Khuôn mặt ưa nhìn</p>  <p style="text-align: justify;">- Good voice / Giọng nói dễ nghe</p>                 ', 'Nộp trực tuyến, Gửi kèm File, Trực tiếp', '- Please send your application by online, email or direct to:', '', 'Tầng 17, Tòa Nhà Green Power, 35 Tôn Đức Thắng, Q1,                                           Hồ Chí Minh,                                         Việt Nam', 'HR Department', '                               Thương lượng                          ', 'Tiếng Anh', '                           Nhân viên                        ', '               Trung học             ', '               1-2 năm kinh nghiệm             ', '25/10/2014&nbsp;&nbsp;', '24/11/2014 ', NULL, '                               Nam/Nữ                          ', '                                                 Dưới 26                                           ', '                           Toàn thời gian cố định                        ', NULL, NULL, '586907', '', '2014-10-27 00:04:19', '2014-10-27 00:04:19'),
	(40, 18, '               DYEING STAFF -NHÂN VIÊN BỘ PHẬN NHUỘM           ', '                 <div class="hoso">  <div class="mceContentBody">  <p>- Lập kế hoạch sản xuất/has production planning capability</p>  <p>- Details of job will be discussed in details during the interview</p>  </div>  </div>                 ', '  <p>- Lập kế hoạch sản xuất/has production planning capability</p>  <p>- Details of job will be discussed in details during the interview</p>  ', 'Nộp trực tuyến, Gửi kèm File, Trực tiếp', '- Các ứng viên quan tâm vui lòng nộp hồ sơ trực tuyến, qua email hoặc trực tiếp tại công ty  * Làm việc tại Khu Công Nghiệp Nhơn Trạch I, Nhơn Trạch, Đồng Nai  - Công Ty TNHH Premier VietNam  - Đường Số 8, KCN Nhơn Trạch I, Nhơn Trạch, Đồng Nai  - ĐT: 0613.560.833/0613.560.834/35  * EMAIL:  - personnel@premierelastic.com.vn    - phamnguyenkimhong@furniweb.com.vn', '', '60/11 Yen The, Ward 2, Tan Binh Dist,                                           Hồ Chí Minh,                                         Việt Nam', 'Chị Hồng', '                               Thương lượng                          ', 'Tiếng Anh', '                           Điều hành cấp cao                        ', '               Cao đẳng             ', '               2-5 năm kinh nghiệm             ', '25/10/2014&nbsp;&nbsp;', '24/11/2014 ', NULL, '                               Nam                          ', '                                                 Trên 30                                           ', '                           Toàn thời gian cố định                        ', NULL, NULL, '586874', '', '2014-10-27 00:04:19', '2014-10-27 00:04:19'),
	(41, 18, '               KNITTING TECHNICIAN - KỸ THUẬT DỆT (TẠI NHƠN TRẠCH, ĐN)           ', '                 <div class="content_fck">  <p>- Phân tích mẫu thun</p>  <p>- Mắc sợi lên máy để dệt</p>  <p>- Điều chỉnh máy</p>  <p>- Đào tạo tay nghề Dệt cho công nhân trong Bộ Phận Dệt</p>  <p>- Giám sát bộ phận Dệt</p>  <p>- Chi tiết công việc sẽ được trao đổi thêm trong buổi phỏng vấn</p>  </div>                 ', '                   <p style="text-align: justify;">- Tốt nghiệp cao đẳng, kỹ sư dệt, kỹ sư cơ khí chuyên ngành dệt</p>  <p style="text-align: justify;">- Có kinh nghiệm phân tích vải knitting, am hiểu về máy Knitting (Warp Knitting - dệt kim đan dọc) là một lợi thế</p>  <p style="text-align: justify;">- Biết sử dụng máy vi tính.</p>  <p style="text-align: justify;">- Mới ra trường cũng được chấp nhận, tuy nhiên nếu có kinh nghiệm thì chiếm ưu thế hơn</p>                 ', 'Nộp trực tuyến, Gửi kèm File, Trực tiếp', '- Các ứng viên quan tâm vui lòng nộp hồ sơ trực tuyến, qua email: personnel@premierelastic.com.vn  hay qua email phamnguyenkimhong@furniweb.com.vn   hoặc trực tiếp tại Văn Phòng Nhà Máy tại Đường số 8, KCN Nhơn Trạch I, Đồng Nai, gặp chị Sa phòng nhân sự\r\n  - Vui lòng gửi hồ sơ bằng tiếng Anh     Điện thoại liên hệ: 0613.560.832 - gặp chị SA - Phòng nhân Sự', 'Chị Hồng/Chị Sa', 'Đường số 8, KCN Nhơn Trach I,                                           Đồng Nai,                                         Việt Nam', 'Phòng Nhân Sự', '                               Thương lượng                          ', 'Tiếng Anh', '                           Mới đi làm                        ', '               Cao đẳng             ', '               0-1 năm kinh nghiệm             ', '25/10/2014&nbsp;&nbsp;', '24/11/2014 ', NULL, '                               Nam/Nữ                          ', '                               22-35                           ', '                           Toàn thời gian cố định                        ', NULL, NULL, '586873', '', '2014-10-27 00:04:19', '2014-10-27 00:04:19'),
	(42, 18, '               PRINTING SUPERVISOR/GIÁM SÁT BP IN (TẠI NHƠN TRẠCH)           ', '                 <p style="text-align: justify;">- Giám sát và điều hành, kiểm soát chung các hoạt động của Bộ Phận IN bao gồm IN LỤA và IN QUAY</p>  <p style="text-align: justify;">- Liên kết với Bộ Phận Sản Xuất để lập kế hoạch In đúng thời hạn;</p>  <p style="text-align: justify;">- Vận dụng kinh nghiệm kỹ thuật cho việc in ấn bao gồm phòng tối, bản lụa, pha màu, và hiệu chỉnh máy;</p>  <p style="text-align: justify;">- Lập kế hoạch, giám sát tất cả các nhân viên vận hành máy nhằm đảm bảo số lượng hàng, chất lượng đáp ứng yêu cầu của Công ty và nhằm đảm bảo quy trình in được kiểm soát tốt;</p>  <p style="text-align: justify;">- Trao đổi với các bộ phận liên quan nhằm đảm bảo rằng các hoạt động in ấn được diễn ra trôi chảy;</p>  <p style="text-align: justify;">- Những công việc khác được phân công bởi Trưởng Bộ Phận/Ban Quản Lý cao cấp.</p>  <p style="text-align: justify;"> ------------------------------------------------------------</p>  <p style="text-align: justify;">- Manage and control, follow up printing activities including SCREEN PRINTING and ROTARY PRINTING;</p>  <p style="text-align: justify;">- Align with Production Department to make plan for Printing on time;</p>  <p style="text-align: justify;">- Apply technical practice for printing including dark room, screen making, ink mixing and machine adjustment</p>  <p style="text-align: justify;">- Planning, Supervising all operators to ensure the quantity, quality meet the company standard and also ensure the printing process is under control</p>  <p style="text-align: justify;">- Communicate with related department to make sure the printing activity run smoothly;</p>  <p style="text-align: justify;">- Other jobs as assigned by the Head of Department/Higher Management.</p>                 ', '                   <p style="text-align: justify;">- Tốt nghiệp Cao Đẳng/Đại Học chuyên ngành May Mặc - Công Nghệ In là ưu thế</p>  <p style="text-align: justify;">- Có ít nhất 02 năm kinh nghiệp Giám Sát về IN LỤA hoặc in OFFSET</p>  <p style="text-align: justify;">- Có kiến thức sâu rộng về quy trình in ấn, mực in và màu sắc, nguyên liệu in cho ngành in thun</p>  <p style="text-align: justify;">- Giao tiếp được bằng tiếng Anh</p>  <p style="text-align: justify;">- Biết sử dụng vi tính</p>  <p style="text-align: justify;">- Có kỹ năng tổng hợp và phân tích số liệu</p>  <p style="text-align: justify;">- Có kỹ năng giao tiếp tốt và kỹ năng lãnh đạo nhóm tốt</p>  <p style="text-align: justify;"> --------------------------------------------------------------</p>  <p style="text-align: justify;">- Graduated from College/University in Garment Field – Printing Technology is referable</p>  <p style="text-align: justify;">- At least 02 years supervisory experience in SCREEN PRINTING or OFFSET PRINTING</p>  <p style="text-align: justify;">- Have good knowledge of printing processes, inks and colors and printing materials for elastic printing</p>  <p style="text-align: justify;">- Can speak English</p>  <p style="text-align: justify;">- Good computer skill</p>  <p style="text-align: justify;">- Strong figure and data analysis</p>  <p style="text-align: justify;">- Good communication skill and Leadership Skill</p>                 ', 'Gửi kèm File, Trực tiếp', '** Ứng viên quan tâm vui lòng nộp hồ sơ bằng Tiếng Anh theo địa chỉ email hay trực tiếp tại VPDD số 60/11 Yen The, P2, Tan Binh, HCM Hay tại Nhà máy tại địa chỉ Đường số 8, KCN Nhơn Trạch I, Nhơn Trạch - Công ty TNHH PREMIER ELASTIC WEBBING & ACCESSORIES (VN) Ms Sa - Phòng Nhân Sự(personnel@premierelastic.com.vn  ) or Ms Hong (phamnguyenkimhong@furniweb.com.vn  ) \r\n     ** Please send your application letter & resume by English via email or at 60/11 Yen The, Ward 2, Tan Binh Dist, HCMC  or Ms Sa - Phòng Nhân Sự', 'Chị Hồng', '60/11 Yen The, Ward 2, Tan Binh Dist,                                           Hồ Chí Minh,                                         Việt Nam', 'Human Resources Dept', '                               Thương lượng                          ', 'Tiếng Anh', '                           Kỹ thuật viên/Kỹ sư                        ', '               Cao đẳng             ', '               2-5 năm kinh nghiệm             ', '25/10/2014&nbsp;&nbsp;', '24/11/2014 ', NULL, '                               Nam/Nữ                          ', '                               24-49                           ', '                           Toàn thời gian cố định                        ', NULL, NULL, '586872', '', '2014-10-27 00:04:19', '2014-10-27 00:04:19'),
	(43, 19, '               Chuyên Viên Kỹ thuật Cơ Điện           ', '                 <p>- Thiết kết cơ khí, máy, chi tiết máy phục vụ sản xuất, sửa chữa, bảo dưỡng;</p>  <p>- Lập hồ sơ bảo dưỡng, sửa chữa các máy;</p>  <p>- Bảo dưỡng, sửa chữa các máy xưởng thuốc Viên, Nhỏ mắt – mũi – tai;</p>  <p>- Lên danh mục và tìm mua các thiết bị dự phòng cho các máy;</p>  <p>- Đặt hàng gia công các chi tiết phục vụ công việc;</p>  <p>- Thực hiện các công việc khác của phòng.</p>                 ', '                   <p>- Tốt nghiệp Đại học chuyên ngành chế tạo máy;</p>  <p>- Thành thạo phần mềm AutoCad 2D, 3D và biết 1 phần mềm vẽ 3D khác;</p>  <p>- Am hiểu về quy trình công nghệ chế tạo máy, gia công chi tiết thiết bị;</p>  <p>- Thành thạo các phần mềm tin học văn phòng;</p>  <p>- Đọc hiểu các tài liệu kỹ thuật bằng Tiếng Anh.</p>                 ', 'Nộp trực tuyến, Gửi kèm File, Trực tiếp', '- Các ứng viên quan tâm có thê nộp hồ sơ trực tuyến, gửi kèm file hay trực tiếp đến tại công ty  * Hồ sơ gồm:   - Đơn xin việc/CV (nêu rõ kinh nghiệm công tác – nếu có)\r\n- Sơ yếu lý lịch (có xác nhận của địa phương)\r\n- Giấy khai sinh\r\n- Giấy khám sức khỏe (trong vòng 6 tháng gần nhất)\r\n- Chứng minh nhân dân\r\n- Các văn bằng, chứng chỉ có liên quan     * Văn phòng đại diện tại Hà Nội: Số 12H1, Khu đô thị Yên Hòa, Phố Trung Hòa, Cầu Giấy', 'Mr Hùng', 'Thôn Bá Khê, xã Tân Tiến, huyện Văn Giang,                                           Hưng Yên,                                         Việt Nam', 'Phòng Nhân Sự', '                               Thương lượng                          ', 'Tiếng Việt', '                           Kỹ thuật viên/Kỹ sư                        ', '               Kỹ sư             ', '               2-5 năm kinh nghiệm             ', '25/10/2014&nbsp;&nbsp;', '24/11/2014 ', NULL, '                               Nam                          ', '                                                 Trên 23                                           ', '                           Toàn thời gian cố định                        ', NULL, NULL, '586871', '', '2014-10-27 00:04:20', '2014-10-27 00:04:20'),
	(44, 19, '               Kỹ Thuật Viên QC           ', '                 <p>- Tiến hành thử nghiệm theo sự phân công của Trưởng phòng/Tổ trưởng và đảm bảo đúng theo quy trình đã được phê duyệt;</p>  <p>- Kiểm tra tình trạng của hóa chất thuốc thử trước khi thử nghiệm;</p>  <p>- Lập hồ sơ và viết phiếu kiểm nghiệm chuyển cho Trưởng phòng/Tổ trưởng xem xét;</p>  <p>- Quản lý mẫu thử, hồ sơ, tài liệu liên quan tới phép thử trong suốt thời gian thử nghiệm;</p>  <p>- Quản lý trang thiết bị được giao, đề xuất sửa chữa/kiểm định/hiệu chuẩn theo quy định của Công ty.</p>                 ', '                   <p>- Tốt nghiệp Cao đẳng trở lên các ngành Dược</p>  <p>- Sẵn sàng đi làm ca và thêm giờ</p>  <p>- Giới tính: Nam</p>                 ', 'Nộp trực tuyến, Gửi kèm File, Trực tiếp', '- Các ứng viên quan tâm vui lòng gửi hồ sơ trực tuyến, qua email hoặc trực tiếp đến tại công ty  * Hồ sơ gồm :  (Bản copy)  - Đơn xin việc/CV (nêu rõ kinh nghiệm công tác)  - Sơ yếu lý lịch (có xác nhận của địa phương)  - Giấy khai sinh  - Giấy khám sức khỏe (trong vòng 6 tháng gần nhất)  - Chứng minh nhân dân  - Các văn bằng, chứng chỉ, bảng điểm có liên quan (Chấp nhận giấy chứng nhận tốt nghiệp tạm thời)  - ĐỐI VỚI SINH VIÊN MỚI THI TỐT NGHIỆP CÓ THỂ BỔ SUNG GIẤY CHỨNG NHẬN TỐT NGHIỆP TẠM THỜI SAU KHI TRÚNG TUYỂN     * Văn phòng đại diện tại Hà Nội: Số 12H1, Khu đô thị Yên Hòa, Phố Trung Hòa, Cầu Giấy', 'Mr Hùng', 'Thôn Bá Khê, xã Tân Tiến, huyện Văn Giang,                                           Hưng Yên,                                         Việt Nam', 'Phòng Nhân Sự', '                               Thương lượng                          ', 'Tiếng Việt', '                           Kỹ thuật viên/Kỹ sư                        ', '               Cao đẳng             ', '               0-1 năm kinh nghiệm             ', '25/10/2014&nbsp;&nbsp;', '24/11/2014 ', NULL, '                               Nam                          ', '                                                 Trên 21                                           ', '                           Toàn thời gian cố định                        ', NULL, NULL, '586869', '', '2014-10-27 00:04:20', '2014-10-27 00:04:20'),
	(45, 19, '               Nhân Viên Kiểm Soát Chất Lượng Trong QTSX (IPC)           ', '                 <p>- Kiểm tra điều kiện sản xuất trước khi tiến hành sản xuất;<br />- Kiểm tra chất lượng sản phẩm trong quá trình sản xuất;<br />- Kiểm soát tình trạng bán thành phẩm trong quá trình bảo quản;<br />- Giám sát việc tuân thủ quy trình trong quá trình sản xuất;<br />- Lập dự trù vật tư tiêu hao;<br />- Sử dụng – vệ sinh – hiệu chuẩn – bảo dưỡng phòng ngừa – khắc phục sự cố các thiết bị phân tích do bộ phận IPC quản lý;<br />- Hoàn thành ghi chép hồ sơ hàng ngày;<br />- Báo cáo kết quả công việc cho người phụ trách trực tiếp.</p>                 ', '                   <p><span class="delMargin">- Trình độ đào tạo trung cấp dược trở lên;<br />- Hiểu biết về GPs;<br />- Cẩn thận, nghiêm túc trong công việc;<br />- Sẵn sàng đi làm ca và thêm giờ;</span></p>                 ', 'Nộp trực tuyến, Gửi kèm File, Trực tiếp', '- Các ứng viên quan tâm vui lòng gửi hồ sơ trực tuyến, qua email hoặc trực tiếp đến tại công ty  * Hồ sơ gồm :  (Bản copy)  - Đơn xin việc/CV (nêu rõ kinh nghiệm công tác)  - Sơ yếu lý lịch (có xác nhận của địa phương)  - Giấy khai sinh  - Giấy khám sức khỏe (trong vòng 6 tháng gần nhất)  - Chứng minh nhân dân  - Các văn bằng, chứng chỉ, bảng điểm có liên quan (Chấp nhận giấy chứng nhận tốt nghiệp tạm thời)  - ĐỐI VỚI SINH VIÊN MỚI THI TỐT NGHIỆP CÓ THỂ BỔ SUNG GIẤY CHỨNG NHẬN TỐT NGHIỆP TẠM THỜI SAU KHI TRÚNG TUYỂN     * Văn phòng đại diện tại Hà Nội: Số 12H1, Khu đô thị Yên Hòa, Phố Trung Hòa, Cầu Giấy', 'Mr Hùng', 'Thôn Bá Khê, xã Tân Tiến, huyện Văn Giang,                                           Hưng Yên,                                         Việt Nam', 'P. Hành Chính Nhân Sự.', '                               Thương lượng                          ', 'Tiếng Việt', '                           Nhân viên                        ', '               Trung cấp             ', '               0-1 năm kinh nghiệm             ', '25/10/2014&nbsp;&nbsp;', '24/11/2014 ', NULL, '                               Nam                          ', '                                                 Trên 21                                           ', '                           Toàn thời gian cố định                        ', NULL, NULL, '586867', '', '2014-10-27 00:04:20', '2014-10-27 00:04:20'),
	(46, 20, '               Trưởng nhóm QC/QA (May mặc)           ', '                 <p style="text-align: justify;">- Quản lý toàn bộ Tổ KCS/ Nhân viên QC của Công ty.</p>  <p style="text-align: justify;">- Soạn thảo tài liệu sản xuất</p>  <p style="text-align: justify;">- Phân công công việc, phân chia, sắp xếp hàng hóa.</p>  <p style="text-align: justify;">- Đôn đốc, thúc đẩy tiến độ và kiểm tra công việc công nhân trong tổ.</p>  <p style="text-align: justify;">- Có nhiều năm kinh nghiệm trong việc kiểm tra chất lượng sản phẩm quần áo (ưu tiên có kinh nghiệm về hàng Thời trang Công sở cao cấp: Đầm, Vest, măng tô .... ), có khả năng đào tạo tay nghề kiểm hàng cho lao động phổ thông.</p>  <p style="text-align: justify;">- Triển khai cách kiểm hàng, hướng dẫn công nhân ...</p>  <p style="text-align: justify;">- Biết tính chất của từng loại máy may, chất liệu vải là một lợi thế .</p>  <p style="text-align: justify;">- Chi tiết công việc sẽ được trao đổi cụ thể khi phỏng vấn</p>                 ', '                   <p style="text-align: justify;">- Có ít nhất 2 năm kinh nghiệm trong việc kiểm tra chất lượng sản phẩm quần áo (ưu tiên có kinh nghiệm về hàng Thời trang Công sở cao cấp: Đầm, vest, măng tô ...)</p>  <p style="text-align: justify;">- Sức khỏe tốt, có kỹ năng quản lý</p>  <p style="text-align: justify;">- Nhanh nhẹn, chăm chỉ, nhiệt tình và có trách nhiệm trong công việc</p>                 ', 'Nộp trực tuyến, Gửi kèm File, Trực tiếp', '- Các ứng viên quan tâm có thể nộp hồ sơ trực tuyến, gửi kèm file hay trực tiếp đến tại công ty  * Hồ sơ gồm:   - Bản tóm tắt quá trình làm việc (CV)  - Sơ yếu lý lịch (có xác nhận của địa phương)  - 2 ảnh 4x6  - Bản sao giấy khai sinh (công chứng).  - Bản sao CMND (công chứng).  - Giấy khám sức khỏe', '', 'Số 100, đường Trần Duy Hưng, Trung Hòa, Cầu Giấy,                                           Hà Nội,                                         Việt Nam', 'P. Nhân sự', '                               Thương lượng                          ', 'Tiếng Việt', '                           Trưởng nhóm / Giám sát                        ', '               Trung cấp             ', '               2-5 năm kinh nghiệm             ', '25/10/2014&nbsp;&nbsp;', '24/11/2014 ', NULL, '                               Nam/Nữ                          ', '                                                 Trên 30                                           ', '                           Toàn thời gian cố định                        ', NULL, NULL, '586864', '', '2014-10-27 00:04:20', '2014-10-27 00:04:20'),
	(47, 19, '               Chuyên Viên Kế Hoạch           ', '                 <p>- Tìm nguồn nguyên liệu, hóa chất mới cho sản xuất, nghiên cứu, kiểm nghiệm;</p>  <p>- Kiểm soát tiêu chuẩn của tất cả nguyên liệu khi đặt mua;</p>  <p>- Xử lý các trường hợp hàng về không đạt chất lượng;</p>  <p>- Lập hợp đồng, đặt mua hàng (Kết hợp với các chuyên viên Kế hoạch khác);</p>  <p>- Kết hợp với bộ phận Kiểm nghiệm, Nghiên cứu xây dựng tiêu chuẩn cho nguyên liệu, bao bì.</p>                 ', '                   <p>- Dược sĩ đại học trở lên;</p>  <p>- Có kinh nghiệm làm kế hoạch;</p>  <p>- Có mối liên hệ với các nhà cung cấp;</p>  <p>- Có mối liên hệ với các đơn vị sản xuất Dược khác;</p>  <p>- Sử dụng thành thạo Tiếng Anh và các phần mềm tin học;</p>                 ', 'Nộp trực tuyến, Gửi kèm File, Trực tiếp', '- Các ứng viên quan tâm vui lòng gửi hồ sơ trực tuyến, qua email hoặc trực tiếp đến tại công ty     * Hồ sơ gồm: (Bản copy)   - Đơn xin việc/CV (nêu rõ kinh nghiệm công tác)  - Sơ yếu lý lịch (có xác nhận của địa phương)  - Giấy khai sinh  - Giấy khám sức khỏe (trong vòng 6 tháng gần nhất)  - Chứng minh nhân dân  - Các văn bằng, chứng chỉ, bảng điểm có liên quan (Chấp nhận giấy chứng nhận tốt nghiệp tạm thời)  - ĐỐI VỚI SINH VIÊN MỚI THI TỐT NGHIỆP CÓ THỂ BỔ SUNG GIẤY CHỨNG NHẬN TỐT NGHIỆP TẠM THỜI SAU KHI TRÚNG TUYỂN     * Văn phòng đại diện tại Hà Nội: Số 12H1, Khu đô thị Yên Hòa, Phố Trung Hòa, Cầu Giấy', 'Mr Hùng', 'Thôn Bá Khê, xã Tân Tiến, huyện Văn Giang,                                           Hưng Yên,                                         Việt Nam', 'Phòng Nhân Sự', '                               Thương lượng                          ', 'Tiếng Việt', '                           Kỹ thuật viên/Kỹ sư                        ', '               Cử nhân             ', '               0-1 năm kinh nghiệm             ', '25/10/2014&nbsp;&nbsp;', '24/11/2014 ', NULL, '                               Nam/Nữ                          ', '                                                 Trên 22                                           ', '                           Toàn thời gian cố định                        ', NULL, NULL, '586859', '', '2014-10-27 00:04:21', '2014-10-27 00:04:21'),
	(48, 21, '               Chuyên viên quảng cáo Facebook           ', '                 <p>- Xây dựng kế hoạch quảng cáo kênh Facebook theo kế hoạch Marketing chung</p>  <p>- Phân tích sản phẩm cần quảng cáo để lựa chọn kênh quảng cáo phù hợp đúng mục tiêu, nhằm đat tối đa hiệu quả</p>  <p>- Xây dựng nội dung quảng cáo phù hợp sản phẩm</p>  <p>- Triển khai quảng cáo FB theo KPI</p>  <p>- Tối ưu hóa landing page (FBads cho web)</p>  <p>- Lập report và đánh giá cho từng campaigns.</p>  <p> </p>  <p>* Chế độ đãi ngộ:</p>  <p>- Được tạo điều kiện làm việc để sáng tạo và có cơ hội để phát huy tối đa năng lực bản thân.</p>  <p>- Lương cứng cạnh tranh, ,chế độ thưởng hấp dẫn.</p>  <p>- Môi trường làm việc chuyên nghiệp,năng động, thân thiện,cơ hội thăng tiến cao.</p>  <p>- Được hưởng đầy đủ các chế độ đãi ngộ đối với người lao động theo Luật Lao Động Việt Nam: BHXH, BHYT, Bảo hiểm thất nghiệp. Ngoài ra VMGer còn được hưởng Bảo hiểm thân thể, Bảo hiểm nhân thọ và các chế độ đãi ngộ đặc biệt riêng của Công ty VMG</p>                 ', '                   <p>- Nam, nữ trên 20 tuổi, có ít nhất 1 năm kinh nghiệm</p>  <p>- Ưu tiên các ứng viên có kinh nghiệm Marketing cho lĩnh vực Game + Game Mobile</p>  <p>- Ứng viên có channel mảng FB lớn</p>  <p>- Có kinh nghiệm và sử dụng thành thạo các công cụ digital marketing</p>  <p>- Sử dụng thành thạo các công cụ trên, Google Analytic, Facebook Ads</p>  <p>- Chủ động, sáng tạo trong việc điều chỉnh các chiến dịch marketing một cách hiệu quả </p>                 ', 'Nộp trực tuyến, Gửi kèm File, Trực tiếp', '- Các ứng viên quan tâm có thể nộp hồ sơ trực tuyến, email hay trực tiếp đến công ty     - CV viết bằng tiếng Anh hoặc tiếng Việt, có kèm ảnh 4x6 và ghi rõ vị trí ứng tuyển gửi về email: tuyendung@vmgmedia.vn       * Lưu ý: Để có những thông tin chi tiết về các vị trí tuyển dụng và tương tác trực tiếp với nhà tuyển dụng, mời bạn tham gia fanpage: tuyendungvmg tại địa chỉ: https://www.facebook.com/tuyendungvmg?ref=hl', '', 'Tầng 8 tòa nhà Viễn Đông, 36 Hoàng Cầu,,                                           Hà Nội,                                         Việt Nam', 'Công Ty Cổ Phần Truyền Thông VMG', '                               Thương lượng                          ', 'Tiếng Việt', '                           Nhân viên                        ', '               Cao đẳng             ', '               1-2 năm kinh nghiệm             ', '25/10/2014&nbsp;&nbsp;', '24/11/2014 ', NULL, '                               Nam/Nữ                          ', '                                                 Trên 20                                           ', '                           Toàn thời gian cố định                        ', NULL, NULL, '586837', '', '2014-10-27 00:04:21', '2014-10-27 00:04:21'),
	(49, 21, '               Chuyên viên quảng cáo Google           ', '                 <p>- Xây dựng kế hoạch quảng cáo kênh Google ads theo kế hoạch Marketing cho từng sp: google adword, GDN, admob</p>  <p>- Phân tích sản phẩm cần quảng cáo để lựa chọn kênh quảng cáo phù hợp đúng mục tiêu, nhằm đat tối đa hiệu quả</p>  <p>- Cài đặt, quản lý và rà soát tài khoản Google Adwords</p>  <p>- Tìm hiểu và đánh giá từ khóa trong lĩnh vực cần tìm kiếm</p>  <p>- Kiểm tra và đánh giá chất lượng viết quảng cáo</p>  <p>- Triển khai quảng cáo GDN</p>  <p>- Triển khai quảng cáo admob,double click và các kênh khác</p>  <p>- Thực hiện tối ưu, đấu thầu trên Adword</p>  <p>- Tối ưu hóa landing page (Website)</p>  <p>- Lập report và đánh giá cho từng campaigns.</p>                 ', '                   <p>- Nam, Nữ trên 20 tuổi, có ít nhất 1 năm kinh nghiệm</p>  <p>- Ưu tiên các ứng viên có kinh nghiệm Marketing cho lĩnh vực Game + Game Mobile</p>  <p>- Ứng viên có channel mảng google ads</p>  <p>- Có kinh nghiệm và sử dụng thành thạo các công cụ digital marketing</p>  <p>- Sử dụng thành thạo các công cụ trên, Google Analytic, google ads</p>  <p>- Chủ động, sáng tạo trong việc điều chỉnh các chiến dịch marketing một cách hiệu quả</p>  <p>- Có ít nhất 1 năm kinh nghiệm làm Google Adwords</p>  <p>- Ưu tiên có chứng chỉ google adwords</p>                 ', 'Nộp trực tuyến, Gửi kèm File, Trực tiếp', '- Các ứng viên quan tâm có thể nộp hồ sơ trực tuyến, email hay trực tiếp đến công ty     - CV viết bằng tiếng Anh hoặc tiếng Việt, có kèm ảnh 4x6 và ghi rõ vị trí ứng tuyển gửi về email: tuyendung@vmgmedia.vn     * Lưu ý: Để có những thông tin chi tiết về các vị trí tuyển dụng và tương tác trực tiếp với nhà tuyển dụng, mời bạn tham gia fanpage: tuyendungvmg tại địa chỉ: https://www.facebook.com/tuyendungvmg?ref=hl', '', 'Tầng 8 tòa nhà Viễn Đông, 36 Hoàng Cầu,,                                           Hà Nội,                                         Việt Nam', 'Công Ty Cổ Phần Truyền Thông VMG', '                               Thương lượng                          ', 'Tiếng Việt', '                           Nhân viên                        ', '               Cao đẳng             ', '               1-2 năm kinh nghiệm             ', '25/10/2014&nbsp;&nbsp;', '24/11/2014 ', NULL, '                               Nam/Nữ                          ', '                                                 Trên 20                                           ', '                           Toàn thời gian cố định                        ', NULL, NULL, '586836', '', '2014-10-27 00:04:21', '2014-10-27 00:04:21'),
	(50, 22, '               Sales Admin           ', '                 <p>- Calculation of product for each project, management cost of equipment.</p>  <p>- Management the contract, composing letter to client, administrative working.</p>  <p>- Updating cost data, contract value data.</p>  <p>- Other tasks assigned by Managers.</p>                 ', '                   <p>- Gender: Female.</p>  <p>- Graduate from University.</p>  <p>- Good at English & computer literacy.</p>  <p>- Be careful, friendly, hard working and willing to learn.</p>                 ', 'Nộp trực tuyến, Gửi kèm File, Trực tiếp', '- Please send your application by online, email or direct to:', '', '60 Truong Son, W2, Tan Binh,                                           Hồ Chí Minh,                                         Việt Nam', 'General Affairs Department', '                               Thương lượng                          ', 'Tiếng Anh', '                           Nhân viên                        ', '               Cử nhân             ', '               0-1 năm kinh nghiệm             ', '25/10/2014&nbsp;&nbsp;', '24/11/2014 ', NULL, '                               Nữ                          ', '                                                 Trên 23                                           ', '                           Toàn thời gian cố định                        ', NULL, NULL, '586756', '', '2014-10-27 00:04:21', '2014-10-27 00:04:21'),
	(51, 23, '               POSM Superviser           ', '                 <p>- Lập kế hoạch trưng bày sản phẩm và vật liệu quảng cáo và giám sát nhà thầu:<br />- Kế hoạch trưng bày sản phẩm theo từng thời kỳ.<br />- Kế hoạch hình thức các vật liệu quảng cáo phục vụ các chương trình trên kênh bán hàng<br />- Kế hoạch số lượng cho từng khu vực và điều phối việc phân phối.<br />- Giám sát chất lượng của các nhà cung cấp<br />- Giám sát hình ảnh thương hiệu trên từng loại vật liệu quảng cáo.<br />* Trách nhiệm:<br />- Chịu trách nhiệm số lượng và chất lượng các sản phẩm vật liệu quảng cáo đã làm ra.<br />- Chịu trách nhiệm hướng dẫn cách trưng bày vật liệu quảng cáo trên kênh bán hàng.<br />- Làm việc chặt chẽ với các kênh bán hàng/nhân viên để triển khai kịp thời vật liệu quảng cáo trên kênh bán hàng.<br />- Kết hợp với các đội ngũ khác trong công ty để triển khai/kiểm tra cách sử dụng hiệu quả các vật liệu quảng cáo.<br />- Lập sơ đồ trưng bày sản phẩm, sơ đồ trưng bày vật liệu quảng cáo và phổ biến đến các bộ phận lien quan.</p>                 ', '                   <p>* Yêu cầu kinh nghiệm:<br />- Ít nhất 1 năm kinh nghiệm trong công việc và lĩnh vực tương đương.<br />- Hiểu biết và có quan hệ với các nhà cung cấp<br />* Yêu cầu chuyên môn :<br />- Khả năng nhạy bén với xu hướng nhản hàng, am hiểu cách thức trưng bày và trang trí cửa hàng, sắp xếp hàng hóa theo đúngđịnhhướngmarketing<br />- Yêu cầu nắmvững đặc thù trưng bày của từng loại sản phẩm, đặc biệt là các sản phẩm smartphone<br />- Nắm vững kiếnthức về Visual Merchandising. Nội thất , biển hiệu cửa hàng<br />* Yêu cầu về kỹ năng :<br />- Kỹ năng sắp xếp công việc, có thái độ nghiêm túcđốivớithờihạn, cótínhtổ chức cao,tỉ mỉ, đồng thời có thể làm việc được trong điều kiện áp lực cao khi triển khai nhiều dự án cùng lúc.<br />- Ưu tiên cácứng viên có tính tỉ mỉ và trách nhiệm cao trong công việc.<br />Sẵn sàng làm thêm giờ.<br />- Có kỹ năng quản lý nhà thầu và điềuphốinhàthầu<br />- Có kỹ năng quan hệ tốt đại lý<br />- Khả năng giao tiếp linh hoạt<br />- Sử dụng thành thạo Ms.Office<br />- Ưu tiên nếu có khả năng sử dụng tốt tiêng anh .<br />- Ưu tiên đã từng làm Trade Marketing cho các nhãn hàng điện tử ,điện thoại.</p>                 ', 'Nộp trực tuyến, Gửi kèm File, Trực tiếp', '- Các ứng viên quan tâm có thể nộp hồ sơ trực tuyến, qua email hay trực tiếp đến công ty', 'Ms. Thuy', 'Lầu 5, Tòa nhà SCB, 242 Cống quỳnh, P. Phạm Ngũ Lão, Q.1,                                           Hồ Chí Minh,                                         Việt Nam', 'Phòng Nhân Sự', '                               Cạnh tranh                          ', 'Tiếng Việt', '                           Trưởng nhóm / Giám sát                        ', '               Cử nhân             ', '               1-2 năm kinh nghiệm             ', '25/10/2014&nbsp;&nbsp;', '24/11/2014 ', NULL, '                               Nam/Nữ                          ', '                                                 Trên 24                                           ', '                           Toàn thời gian cố định                        ', NULL, NULL, '586743', '', '2014-10-27 00:04:22', '2014-10-27 00:04:22'),
	(52, 24, '               Kế Toán Trưởng           ', '                 <p>- Tổ chức, sắp xếp và quản lý hệ thống kế toán của Doanh nghiệp theo đúng quy định của pháp luật và công ty</p>  <p>- Hướng dẫn bồi dưỡng cán bộ kế toán của doanh nghiệp thường xuyên và kịp thời trước những quy định pháp luật thay đổi liên quan hoạt động tài chính kế toán.</p>  <p>- Tổ chức, giám sát hoạt động kế toán của phòng, quản lý và sắp xếp nhân viên để đạt hiệu quả công việc cao nhất</p>  <p>- Kiểm tra, kiểm soát công việc của các kế toán viên, kế toán tổng hợp.</p>  <p>- Lập các báo cáo tài chính, báo cáo kiểm toán, báo cáo thuế,.. theo quy định của pháp luật và công ty</p>  <p>- Làm việc với các ngân hàng, tổ chức tín dụng, cơ quan thuế trong việc sắp xếp nguồn vốn, kiểm toán thuế,…</p>  <p>- Các công việc liên quan khác.</p>                 ', '                   <p>- Kinh nghiệm làm việc trong lĩnh vực tài chính kế toán từ 10 năm trở lên trong đó có ít nhất 5 năm ở vị trí tương đương</p>  <p>- Ưu tiên những người có kinh nghiệm làm việc tại các công ty xây dựng</p>  <p>- Trung thực, thật thà, tỷ mỉ.</p>                 ', 'Nộp trực tuyến, Gửi kèm File, Trực tiếp', '- Các ứng viên quan tâm có thể nộp hồ sơ trực tuyến, email hay trực tiếp đến công ty     * Ứng viên quan tâm vui lòng gửi CV (có dán ảnh) cho chúng tôi theo địa chỉ: luyen.ht@kinhdotcigroup.com  . Chúng tôi sẽ liên hệ với các ứng viên đạt yêu cầu. Bổ sung hồ sơ khi tham gia phỏng vấn ( chấp nhận hồ sơ phô tô)', '', 'VP Tầng 6, Tòa Nhà Kinh Đô, Số 93 Lò Đúc, Phường Phạm Đình Hổ, Quận Hai Bà Trưng,                                           Hà Nội,                                         Việt Nam', 'Phòng Nhân Sự', '                               Thương lượng                          ', 'Tiếng Việt', '                           Quản lý / Trưởng phòng                        ', '               Cử nhân             ', '               5-10 năm kinh nghiệm             ', '25/10/2014&nbsp;&nbsp;', '24/11/2014 ', NULL, '                               Nam/Nữ                          ', '                                                 Trên 30                                           ', '                           Toàn thời gian cố định                        ', NULL, NULL, '586737', '', '2014-10-27 00:04:22', '2014-10-27 00:04:22'),
	(53, 23, '               English Reporting Specialist           ', '                 <p>- Translate documents and reports in Vietnamese into English and vice versa;<br />- Examine and evaluate reporting requirements for Callcenter Department;<br />- Proactively generate and compile reports based on his or her findings, complete with recommended improvements to – or new requirements for – business processes, operational procedures, and their corresponding reporting structures.<br />- Prepare and deliver reports, recommendations, or alternatives for improving processes in reporting systems across the organization.<br />- Define the current reporting activities for the development of existing and future reporting procedures and models by charting existing processes.</p>                 ', '                   <p>- Bachelor degree in English, Accountance or related field;<br />- Proven experience with report writing and technical requirements analysis, business process modeling/mapping, methodology development, and data modeling.<br />- Strong interpersonal/customer service skills. Ability to communicate effectively with non-technical staff and interdisciplinary teams.<br />- Extensive practical knowledge in importing data for use in report software, spreadsheets, graphs, and flowcharts.<br />- Extensive experience with core software applications (Excel, Access...)<br />- Very good at English (bachelor degree or TOEICE 700+)</p>                 ', 'Nộp trực tuyến, Gửi kèm File, Trực tiếp', '- Please send your aplication by online, email or direct to', '', 'Lầu 5, Tòa nhà SCB, 242 Cống quỳnh, P. Phạm Ngũ Lão, Q.1,                                           Hồ Chí Minh,                                         Việt Nam', 'Phòng Nhân Sự', '                               Thương lượng                          ', 'Tiếng Anh', '                           Nhân viên                        ', '               Cử nhân             ', '               1-2 năm kinh nghiệm             ', '25/10/2014&nbsp;&nbsp;', '24/11/2014 ', NULL, '                               Nam/Nữ                          ', '                                                 Trên 22                                           ', '                           Toàn thời gian cố định                        ', NULL, NULL, '586659', '', '2014-10-27 00:04:22', '2014-10-27 00:04:22'),
	(54, 14, '               Brand Manager/ Director - HCM           ', '                 <p style="text-align: justify;">- Quản lý 4 brand lớn như Tombolini, La Perla, <span style="font-size: 11px;">Brunello Cucinelli, Gaudi</span></p>  <p style="text-align: justify;"><span style="font-size: 11px;">- Thực hiện các công việc liên quan khác<br /></span></p>  <p style="text-align: justify;">- Chi tiết sẽ được trao đổi trong buổi phỏng vấn</p>  <p style="text-align: justify;"><strong>* Chế độ:</strong></p>  <p style="text-align: justify;">- Lương bổng không thành vấn đề, benefit hoàn hảo</p>                 ', '                   <p style="text-align: justify;">- Trình độ đại học trở lên</p>  <p style="text-align: justify;">- Có kinh nghiệm quản lý ít nhất 1 năm</p>  <p style="text-align: justify;">- Bắt buộc đã từng quản lý nhãn hàng thời trang ở các công ty lớn (VN hoặc nước ngoài), đa quốc gia</p>  <p style="text-align: justify;">- Có định hướng nghề nghiệp rõ ràng, tuyệt đối không được nhảy việc quá nhiều công ty</p>                 ', 'Nộp trực tuyến, Gửi kèm File, Trực tiếp', '- Các ứng viên quan tâm có thể nộp hồ sơ trực tuyến, gửi kèm file hay trực tiếp đến tại công ty', 'Mr Ban', '640A Đường số 03, Phường An Phú, Quận 2,                                           Hồ Chí Minh,                                         Việt Nam', 'Phòng Nhân Sự', '                               Cạnh tranh                          ', 'Tiếng Anh', '                           Quản lý / Trưởng phòng                        ', '               Cử nhân             ', '               1-2 năm kinh nghiệm             ', '25/10/2014&nbsp;&nbsp;', '24/11/2014 ', NULL, '                               Nam/Nữ                          ', '                               20-40                           ', '                           Toàn thời gian cố định                        ', NULL, NULL, '586591', '', '2014-10-27 00:04:22', '2014-10-27 00:04:22'),
	(55, 25, '               Product Manager           ', '                 <p>- Lập kế hoạch xây dựng triển khai và hoàn thành các chức năng, nội dung trên website theo yêu cầu, bao gồm:</p>  <p>+ Thống nhất ý tưởng với bộ phận yêu cầu.</p>  <p>+ Triển khai cho thiết kế.</p>  <p>+ Giám sát, test, nghiệm thu sản phẩm từ IT.</p>  <p>- Bàn giao, nâng cấp sản phẩm và report website tối thiểu 1 tháng đầu.</p>  <p>- Giám sát chất lượng, hiệu suất hoạt động của website và các chức năng liên quan.</p>  <p>- Nghiên cứu và đề xuất các tính năng, dư án hỗ trợ phát triển và tăng hiệu suất kinh doanh.</p>                 ', '                   <p>- Tốt nghiệp cao đẳng chuyên ngành CNTT, Kinh Tế.</p>  <p>- Đam mê, tìm hiểu về lĩnh vực Thương mại điện tử.</p>  <p>- Có khả năng chịu áp lực công việc cao.</p>  <p>- Có tư duy tốt về khách hàng và nền tảng kiến thức về thiết kế trải nghiệm người dùng.</p>  <p>- Hiểu và biết tối ưu UI, UX trên website.</p>  <p>- Khả năng thích ứng với các thay đổi.</p>  <p>- Kỹ năng lãnh đạo và xây dựng đội ngũ tốt.</p>  <p>- Kỹ năng giải quyết vấn đề và ra quyết định.</p>  <p>- Có ít nhất 2 năm kinh nghiệm vị trí tương đương, phải có sản phẩm đã thực hiện. </p>  <p>- Ưu tiên ứng viên đã có kinh nghiệm làm ở lĩnh vực công nghệ, phát triển web.</p>  <p> </p>  <p>* YÊU CẦU:</p>  <p>- AM HIỂU VÀ CÓ KIẾN THỨC VỀ CÁC HÃNG MÀ VIENMAYTINH.COM ĐƯỢC ỦY QUYỀN BẢO HÀNH VÀ SỬA CHỮA.</p>  <p>- ĐAM MÊ ÍT NHẤT 1 HÃNG, TRUNG TÂM BẢO HÀNH NHƯ HÃNG SONY( CÁC SẢN PHÂM), HÃNG SAMSUNG...</p>                 ', 'Nộp trực tuyến, Gửi kèm File, Trực tiếp', '- Các ứng viên quan tâm vui lòng nộp hồ sơ qua email hay trực tiếp đến công ty', '', '178-180 Hoảng Văn Thụ, p9, Q Phú Nhuận,                                           Hồ Chí Minh,                                         Việt Nam', 'Phòng Nhân Sự', '                               Thương lượng                          ', 'Tiếng Việt', '                           Nhân viên                        ', '               Cao đẳng             ', '               1-2 năm kinh nghiệm             ', '25/10/2014&nbsp;&nbsp;', '24/11/2014 ', NULL, '                               Nam                          ', '                               24-40                           ', '                           Toàn thời gian cố định                        ', NULL, NULL, '586575', '', '2014-10-27 00:04:23', '2014-10-27 00:04:23'),
	(56, 26, '               Nhân Viên Hành Lý, Bảo Vệ Làm Việc 12 tiếng           ', '                 <p>- Chịu trách nhiệm bảo vệ an ninh khách sạn<br />- Bảo vệ tầng hầm, xe cộ, hành lý của khách<br />- Chi tiết công việc sẽ được trao đổi cụ thể trong buổi phỏng vấn</p>                 ', '                   <p>- Thật thà<br />- Có trách nhiệm trong công việc.<br />- Tinh thần làm việc theo nhóm.<br />- Chăm chỉ</p>                 ', 'Nộp trực tuyến, Gửi kèm File, Trực tiếp', '- Các ứng viên quan tâm vui lòng nộp hồ sơ trực tuyến, qua email hoặc trực tiếp tại công ty', 'Email liên hệ:                                         HR@grandsilverlandhotel.com', '125-133 Lý Tự Trọng, P.Bến Thành, Q.1,                                           Hồ Chí Minh,                                         Việt Nam', 'Phòng Nhân sự', '                                                 Hơn 3,500,000VNĐ                                           ', 'Tiếng Việt', '                           Nhân viên                        ', '               Trung học             ', '               0-1 năm kinh nghiệm             ', '25/10/2014&nbsp;&nbsp;', '24/11/2014 ', NULL, '                               Nam                          ', '                                                 Trên 25                                           ', '                           Toàn thời gian cố định                        ', NULL, NULL, '586481', '', '2014-10-27 00:04:23', '2014-10-27 00:04:23'),
	(57, 27, '               Sales Manager           ', '                 <p>- Manage sales team to sell contextual and media ads.</p>  <p>- Maintain good relationship with clients to ensure continuous business growth.</p>  <p>- Ensure on-time delivery and quality of advertisements.</p>  <p>- Ensure timely advertising billing and payment for customers</p>  <p>- Review the sales processes and suggest improvements.</p>  <p>- Prepare sales presentations and proposal for customers.</p>  <p>- Develop sales strategies to achieve the short and long team sales revenue objectives.</p>  <p>- Determine new sales opportunities by studying the latest market trends.</p>  <p> </p>  <p>* Benefits:</p>  <p>- High commission rate</p>  <p>- Free lunch</p>  <p>- Basic Health/ Social/ Unemployment insurance</p>  <p>- Internet and cell phone allowances</p>  <p>- Regular team building activities</p>  <p>- Young and dynamic international working environment.</p>                 ', '                   <p>- At least 3 years of experiences working as a sales manager;</p>  <p>- Have working experience with Google Adwords</p>  <p>- Excellent communication and interpersonal skills</p>  <p>- A continuous ‘can-do’ attitude and have a strong determination to achieve challenging targets;</p>  <p>- Confidence and ability to perform well under pressure</p>  <p>- Ability to negotiate and create win-win situations</p>  <p>- Ability to analyze and interpret basic financial/ market data</p>  <p>- Professional and initiative personality</p>  <p>- Ability to work independently as well as in a team - Willingness to travel within Vietnam</p>  <p>- Good written and spoken English, computer literacy</p>  <p>- Other requirements will be discussed in the interview</p>                 ', 'Nộp trực tuyến, Gửi kèm File, Trực tiếp', '- Các ứng viên quan tâm có thể nộp hồ sơ trực tuyến, email: job@coccoc.vn   hay trực tiếp đến công ty.', '', 'R1202, HiTTC Building, 185 Giang Vo, Dong Da,                                           Hà Nội,                                         Việt Nam', 'Cốc Cốc Search Engine', '                               Cạnh tranh                          ', 'Tiếng Anh', '                           Quản lý / Trưởng phòng                        ', '               Cử nhân             ', '               2-5 năm kinh nghiệm             ', '25/10/2014&nbsp;&nbsp;', '24/11/2014 ', NULL, '                               Nam/Nữ                          ', '                                                 Trên 28                                           ', '                           Toàn thời gian cố định                        ', NULL, NULL, '586447', '', '2014-10-27 00:04:23', '2014-10-27 00:04:23'),
	(58, 27, '               Senior Sales           ', '                 <p>- Develop and maintain a partner database</p>  <p>- Promote & build awareness of CocCoc?’s capabilities to an existing and prospective client</p>  <p>- Develop the business, build up and maintain good relationship with clients</p>  <p>- Prepare attractive documents/presentation to inspire and persuade clients</p>  <p>- Meet monthly & quarterly sales objectives</p>  <p>- Collect market information to superior maximizing business opportunities</p>  <p>- Communicate clearly new products/advertising programs as well as provide excellent after-sales service including responses to all partners’ inquiries, complaints and feed- backs</p>  <p>- Research and forecast new trends in Vietnam advertising online market</p>  <p>- Collaborate with other teams in developing new products/service</p>  <p>- Execute other tasks assigned by management</p>  <p> </p>  <p><span style="text-decoration: underline;"><strong>* Benefits:</strong> </span></p>  <p>- High commission rate</p>  <p>- Free lunch</p>  <p>- Basic Health/ Social/ Unemployment insurance</p>  <p>- Internet and cell phone allowance</p>  <p>- Regular team building activities</p>  <p>- Young and dynamic international working environment</p>                 ', '                   <p>- At least 3 years experience working in a sales, customer service and/or business development-based role;</p>  <p>- Have working experience with Google Adwords</p>  <p>- Excellent communication and interpersonal skills</p>  <p>- A continuous ‘can-do’ attitude and have a strong determination to achieve challenging targets;</p>  <p>- Confidence and ability to perform well under pressure</p>  <p>- Ability to negotiate and create win-win situation</p>  <p>- Ability to analyze and interpret basic financial/ market data</p>  <p>- Professional and initiative personality</p>  <p>- Ability to work independently as well as in a team</p>  <p>- Willingness to travel within Vietnam</p>  <p>- Good written and spoken English, computer literacy</p>  <p>- Other requirements will be discussed in the interview</p>                 ', 'Nộp trực tuyến, Gửi kèm File, Trực tiếp', '- Các ứng viên quan tâm có thể nộp hồ sơ trực tuyến, email: job@coccoc.vn   hay trực tiếp đến công ty.', '', 'R1202, HiTTC Building, 185 Giang Vo, Dong Da,                                           Hà Nội,                                         Việt Nam', 'Cốc Cốc Search Engine', '                               Thương lượng                          ', 'Tiếng Anh', '                           Nhân viên                        ', '               Cử nhân             ', '               2-5 năm kinh nghiệm             ', '25/10/2014&nbsp;&nbsp;', '24/11/2014 ', NULL, '                               Nam/Nữ                          ', '                                                 Dưới 30                                           ', '                           Toàn thời gian cố định                        ', NULL, NULL, '586432', '', '2014-10-27 00:04:23', '2014-10-27 00:04:23'),
	(59, 28, '               Kỹ Thuật Viên x-quang Làm Việc Tại Trung tâm y tế Ninh Thuận           ', '                 <p>- Kiểm tra, vận hành, quản lý số liệu trên các máy X-quang<br />- Các công việc khác có liên quan<br />- Chi tiết trao đổi khi phỏng vấn<br /><strong><em>* Làm việc tại Trung Tâm y tế Ninh Thuận</em></strong></p>                 ', '                   <p>- Trình độ: Tốt nghiệp trung cấp chuyên ngành liên quan trở lên<br />- Kinh nghiệm: 0-1 năm<br />- Ưu tiên ứng viên đã từng làm việc tại các bệnh viện và phòng khám<br />- Thành thạo tin học văn phòng: excel và word</p>                 ', 'Nộp trực tuyến, Gửi kèm File, Trực tiếp', '- Các ứng viên quan tâm có thể nộp hồ sơ trực tuyến, qua email hay trực tiếp tại công ty', 'Ms. Ngọc', 'VP đại diện tại HCM: 48-50M Hoàng Quốc Việt - Q7 -,                                           Hồ Chí Minh,                                         Việt Nam', 'Phòng Nhân Sự', '                               Thương lượng                          ', 'Tiếng Việt', '                           Nhân viên                        ', '               Trung cấp             ', '               0-1 năm kinh nghiệm             ', '25/10/2014&nbsp;&nbsp;', '24/11/2014 ', NULL, '                               Nam                          ', '                                                 Trên 22                                           ', '                           Toàn thời gian cố định                        ', NULL, NULL, '586372', '', '2014-10-27 00:04:24', '2014-10-27 00:04:24'),
	(60, 29, '               Giám Sát Thi Công Hoàn Thiện           ', '                 <p>- Trực tiếp kiểm tra, theo dõi, đánh giá quá trình thi công tại hiện trường công trình. Chịu trách nhiệm về giám sát chất lượng ốp lát đá tại các công trình mà Công ty giao. Nhắc nhở và đình chỉ thi công khi phát hiện vi phạm quy trình, vi phạm kỹ thuật, chất lượng, an toàn công trình theo thiết kế đã duyệt.</p>  <p>- Phối hợp với các bộ phận liên quan trong quá trình thực hiện giám sát công trình.</p>  <p>- Báo cáo tình trạng hư hỏng và đề xuất nhu cầu về phương tiện máy móc phục vụ công trình để Giám Đốc duyệt chi phí sửa chữa hoặc mua thay mới.</p>  <p>- Kiểm tra chất lượng sản phẩm về tiêu chuẩn kỹ thuật, phản hồi kịp thời đến các bộ phận liên quan (Nhà máy, Phòng Kỹ Thuật, Phòng Mua Hàng) thông tin sản phẩm hư hỏng, bị lỗi, không đạt theo yêu cầu của thiết kế.</p>  <p>- Lập biên bản nghiệm thu hạng mục công trình.</p>  <p>- Đề xuất với chủ đầu tư xây dựng công trình những bất hợp lý về thiết kế để kịp thời sửa đổi.</p>  <p>- Gửi lệnh sản xuất đến Nhà máy và các phòng ban liên quan.</p>  <p>- Quản lý đội thợ thi công về tài chính và nhân lực.</p>                 ', '                   <p>- Tốt nghiệp Cao đẳng trở lên chuyên ngành Xây dựng dân dụng và công nghiệp. Có chứng chỉ hành nghề giám sát thi công xây dựng công trình</p>  <p>- Có ít nhất 02 năm kinh nghiệm làm việc trong các công ty sản xuất thi công; đã phụ trách giám sát thi công hoàn thiện, phụ trách đo bốc khối lượng, lập dự toán, lập hồ sơ đấu thầu.</p>  <p>- Ưu tiên ứng viên có kinh nghiệm giám sát thi công ốp đá.</p>  <p>- Có kỹ năng làm việc theo nhóm, phối hợp với bộ phận kỹ thuật để đảm bảo hiệu quả công việc tốt.</p>  <p>- Biết sử dụng các tính năng cơ bản tin học văn phòng và ứng dụng tốt các phần mềm chuyên dụng trong công việc quản lý xây dựng: Word, Excel, Autocad,...</p>  <p>- Triển khai bản vẽ Shop drawing.</p>  <p>- Sáng tạo, luôn đúng hẹn, tôn trọng (lắng nghe các quan điểm khác nhau để phát triển), năng động, nhiệt tình, có tinh thần trách nhiệm và chịu được áp lực cao trong công việc.</p>                 ', 'Nộp trực tuyến, Gửi kèm File, Trực tiếp', '- Các ứng viên quan tâm có thể nộp hồ sơ trực tuyến, email hay trực tiếp đến công ty     * Hồ sơ xin việc:    - Bản tóm tắt quá trình công tác nêu rõ ưu và nhược điểm và thành tích đạt được.   - Sơ yếu lý lịch, Chứng minh nhân dân, Sổ hộ khẩu, Bằng cấp liên quan, Giấy khám sức khỏe, (tất cả được chứng thực không quá 6 tháng, bổ sung sau khi ứng viên được tuyển dụng), 4 ảnh 4x6', 'Ms Vân', 'Lầu 2 - Phòng 202B - 91 Pasteur, P. Bến Nghé, Q. 1,                                           Hồ Chí Minh,                                         Việt Nam', 'CÔNG TY TNHH PADO', '                               Thương lượng                          ', 'Tiếng Việt', '                           Nhân viên                        ', '               Cao đẳng             ', '               2-5 năm kinh nghiệm             ', '25/10/2014&nbsp;&nbsp;', '24/11/2014 ', NULL, '                               Nam                          ', '                                                 Trên 24                                           ', '                           Toàn thời gian cố định                        ', NULL, NULL, '586355', '', '2014-10-27 00:04:24', '2014-10-27 00:04:24'),
	(61, 29, '               Trưởng phòng Nhân Sự           ', '                 <p>- Thực hiện công tác tuyển dụng cho toàn hệ thống công ty - Phối hợp các phòng ban tổ chức các khóa đào tạo</p>  <p>- Tư vấn Ban Giám Đốc về phát triển nguồn nhân lực</p>  <p>- Phối hợp các phòng ban xây dựng mô tả công việc của từng chức danh công việc, xây dựng và đề xuất chính sách phù hợp với tình hình phát triển của Công ty</p>  <p>- Thực hiện lưu giữ hồ sơ, cập nhật và theo dõi các thủ tục nhân sự</p>  <p>- Thực hiện công tác tính lương, chế độ chính sách</p>  <p>- Thực hiện các thủ tục liên quan đến cơ quan ban ngành (Bảo hiểm xã hội, Thuế TNCN, Khai trình lao động, Công đoàn)</p>  <p>- Giải quyết khiếu nại, kỷ luật</p>  <p>- Chi tiết sẽ được trao đổi trong buổi phỏng vấn</p>                 ', '                   <p>- Kinh nghiệm từ 5 năm trở lên ở vị trí tương đương (ưu tiên đã làm việc tại các công ty ngành sản xuất, xây dựng).</p>  <p>- Tốt nghiệp Đại học trở lên chuyên ngành Quản Trị Nhân Sự, Luật, Kinh Tế,…</p>  <p>- Am hiểu Luật lao động, Luật BHXH, quy định về thuế TNCN.</p>  <p>- Năng động, nhiệt tình, có đạo đức nghề nghiệp, ứng xử tốt, có tinh thần trách nhiệm và có khả năng chịu áp lực trong công việc cao. Sáng tạo trong công việc.</p>  <p>- Tiếng Anh giao tiếp.</p>  <p>- Thành thạo tin học văn phòng.</p>                 ', 'Nộp trực tuyến, Gửi kèm File, Trực tiếp', '- Các ứng viên quan tâm có thể nộp hồ sơ qua mail của công ty.', 'Ms Vân', 'Lầu 2 - Phòng 202B - 91 Pasteur, P. Bến Nghé, Q. 1,                                           Hồ Chí Minh,                                         Việt Nam', 'CÔNG TY TNHH PADO', '                               Thương lượng                          ', 'Tiếng Việt', '                           Trưởng nhóm / Giám sát                        ', '               Cử nhân             ', '               5-10 năm kinh nghiệm             ', '25/10/2014&nbsp;&nbsp;', '24/11/2014 ', NULL, '                               Nam/Nữ                          ', '                                                 Trên 32                                           ', '                           Toàn thời gian cố định                        ', NULL, NULL, '586345', '', '2014-10-27 00:04:24', '2014-10-27 00:04:24'),
	(62, 29, '               Chuyên Viên IT ( làm việc tại Bình Dương)           ', '                 <p>* Phối hợp chặt chẽ giữa Văn phòng điều hành, Nhà máy, Showroom, Chi nhánh, các đơn vị trực thuộc trong công tác:</p>  <p>1. Quản trị hệ thống</p>  <p>- Thiết lập hệ thống mạng nộ bộ Công ty, quản trị và bảo trì hệ thống.</p>  <p>- Quản lý hệ thống Server.</p>  <p>- Quản trị hệ thống máy tính đảm bảo luôn trong tình trạng hoạt động ổn định.</p>  <p>- Quản lý hệ thống email trong Công ty.</p>  <p>- Quản lý hệ thống tổng đài điện thoại nội bộ.</p>  <p>- Quản lý hệ thống camera.</p>  <p>- Kiểm soát đường truyền mạng luôn được kết nối, đường truyền trực tuyến luôn được hoạt động ổn định; hạn chế tối đa sự cố trong khi vận hành.</p>  <p>- Quản lý, kiểm soát các thiết bị công nghệ thông tin của Công ty: máy tính, máy in, máy fax, tổng đài điện thoại, các trang thiết bị công nghệ khác.</p>  <p>- Hỗ trợ các phòng ban cài đặt, bảo mật, xử lý các lỗi máy tính, xử lý sự cố phần mềm liên quan.</p>  <p>- Phối hợp với các phòng ban xây dựng và quản lý phần mềm nội bộ Công ty.</p>  <p>- Kiểm soát, ngăn chặn sự xâm nhập virut trên hệ thống máy tính.</p>  <p>- Đồng bộ hóa chương trình ứng dụng tin học trong nội bộ Công ty (Microsoft Office)</p>  <p>- Đồng bộ hóa các kiểu chữ trên các ứng dụng văn phòng (Unikey hoặc Vietkey)</p>  <p>- Kiểm soát định dạng trên các chương trình ứng dụng, hạn chế mức tối đa sự sai sót về thông tin.</p>  <p>- Liên kết, chia sẻ, phân quyền sử dụng dữ liệu nội bộ phòng được chuyển tải thông tin nhưng đảm bảo tính bảo mật.</p>  <p>- Tự động hóa sao lưu (backup) dữ liệu.</p>  <p>- Kiểm soát sự truy cập mạng cộng đồng, web ảo, web đen,… Ngăn chặn tải chương trình, tải file, tải game trên website (chỉ được phép truy cập những website do Công ty chọn lọc và được duyệt); nhằm không ảnh hưởng chất lượng vận hành công việc của CBNV.</p>  <p>- Kiểm soát việc sử dụng các thiết bị rời để sao chép dữ liệu như: USB, ổ cứng rời,…</p>  <p>- Hỗ trợ kịp thời các phòng ban/bộ phận cài đặt trực tuyến kết nối giữa Công ty và các Chi nhánh, đơn vị trực thuộc khi có các cuộc họp.</p>  <p>- Phổ biến và hướng dẫn CBNV, phòng ban/bộ phận trong việc vận hành các ứng dụng công nghệ thông tin.</p>  <p>- Lên kế hoạch và triển khai nâng cấp hệ thống, bảo trì thiết bị, cập nhật chương trình ứng dụng định kỳ.</p>  <p>- Phối hợp phòng Kinh Doanh, Marketing tổ chức các sự kiện, hoạt động quảng cáo, hội chợ, hội nghị, các hoạt động xã hội nhằm quảng bá sản phẩm và thương hiệu của Công ty: Lắp đặt hệ thống âm thanh, ánh sáng, hình ảnh; cài đặt thiết bị để chạy chương trình,…</p>  <p>- Phối hợp phòng Tài Chính – Kế Toán thực hiện kiểm kê tài sản định kỳ.</p>  <p>- Tham mưu cho Ban Giám Đốc giải pháp liên quan, đề xuất trang thiết bị công nghệ thông tin phục vụ cho hoạt động của Công ty.</p>  <p> </p>  <p>2. Quản trị Website:</p>  <p>- Nghiên cứu, tham mưu về chiến lược quảng cáo và các chương trình phát triển thương hiệu cho Công ty.</p>  <p>- Quản trị, vận hành website của Công ty:</p>  <p>+ Seo web.</p>  <p>+ Cập nhật thông tin và bảo trì website, đảm bảo tính ổn định kỹ thuật và chất lượng thông tin, đăng bài thay đổi liên tục.</p>  <p>+ Xây dựng cách thức phù hợp để tiếp cận và quản lý mạng cộng đồng: Facebook, Twitter, Google plus, Yahoo, Zingme, diễn đàn… Phối hợp phòng Kinh Doanh tạo ra các chương trình thu hút thành viên, những người tham gia viết bài lên các diễn đàn, các mạng xã hội nhằm quảng bá dịch vụ, sản phẩm của Công ty.</p>  <p>+ Tìm hiểu và đánh giá từ khóa trong lĩnh vực liên quan. Đẩy các từ khóa lên trang đầu của công cụ tìm kiếm.Thực hiện các công việc về kết nối với cộng đồng.</p>  <p>+ Phối hợp trong công tác quản trị website của Công ty.</p>  <p> </p>  <p> </p>                 ', '                   <p>- Nam độ tuổi từ 28 trở lên.</p>  <p>- Kinh nghiệm từ 5 năm trở lên ở vị trí tương đương.</p>  <p>- Nhanh nhẹn, thật thà, có tinh thần trách nhiệm cao. Sẵn sàng xử lý công việc khi có sự cố.</p>  <p>- Am hiểu cả phần cứng và phần mềm.</p>  <p>- Có thể di chuyển 2 nơi làm việc tại Bình Dương, TP. HCM (có xe đưa đón giữa TP. HCM và Bình Dương)</p>  <p>- Ưu tiên ứng viên đang sống tại Bình Dương,Thủ Đức, Quận 9.</p>                 ', 'Nộp trực tuyến, Gửi kèm File, Trực tiếp', '   - Các ứng viên quan tâm có thể nộp hồ sơ trực tuyến, email hay trực tiếp đến công ty     * Hồ sơ xin việc:    - Bản tóm tắt quá trình công tác nêu rõ ưu và nhược điểm và thành tích đạt được.   - Sơ yếu lý lịch, Chứng minh nhân dân, Sổ hộ khẩu, Bằng cấp liên quan, Giấy khám sức khỏe, (tất cả được chứng thực không quá 6 tháng, bổ sung sau khi ứng viên được tuyển dụng), 4 ảnh 4x6   - Nộp đơn trực tuyến hoặc gửi đến địa chỉ email: info@pado.vn, hr@luxuryhomes.vn, tuyendung@pado.vn   ', 'Ms Vân', 'Lầu 2 - Phòng 202B - 91 Pasteur, P. Bến Nghé, Q. 1,                                           Hồ Chí Minh,                                         Việt Nam', 'CÔNG TY TNHH PADO', '                               Thương lượng                          ', 'Tiếng Việt', '                           Kỹ thuật viên/Kỹ sư                        ', '               Cử nhân             ', '               5-10 năm kinh nghiệm             ', '25/10/2014&nbsp;&nbsp;', '24/11/2014 ', NULL, '                               Nam                          ', '                                                 Trên 28                                           ', '                           Toàn thời gian cố định                        ', NULL, NULL, '586338', '', '2014-10-27 00:04:24', '2014-10-27 00:04:24'),
	(63, 29, '               Nhân Viên Kinh Doanh Dự Án (làm việc tại TP. HCM)           ', '                 <p>1. Thu thập, phân tích thông tin về thị trường:</p>  <p>- Thu thập và tổng hợp thông tin thị trường, đối thủ cạnh tranh, các sản phẩm theo phân đoạn thị trường, nhóm khách hàng.</p>  <p>- Nghiên cứu và đề xuất các biện pháp quảng bá, giới thiệu về sản phẩm/dịch vụ và thương hiệu Công ty thuộc phạm vi phụ trách.</p>  <p> </p>  <p>2. Triển khai kế hoạch kinh doanh, tìm kiếm khách hàng và xúc tiến ký kết hợp đồng:</p>  <p>- Lập kế hoạch công tác tuần, tháng trình Quản lý trực tiếp. Thực hiện kế hoạch được duyệt.</p>  <p>- Tiếp nhận thông tin, yêu cầu của khách hàng. Liên hệ, giải đáp, tư vấn về chất lượng, giá cả sản phẩm…cho khách hàng.</p>  <p>- Duy trì những quan hệ kinh doanh hiện có, nhận đơn đặt hàng; thiết lập những những mối quan hệ kinh doanh mới bằng việc lập kế hoạch và tổ chức lịch công tác hàng ngày đối với những quan hệ kinh doanh hiện có hay những quan hệ kinh doanh tiềm năng khác.</p>  <p>- Hiểu rõ và thuộc tính năng, giá, ưu nhược điểm của sản phẩm của Công ty, sản phẩm của đối thủ cạnh tranh.</p>  <p>- Nắm được quy trình tiếp xúc khách hàng, quy trình xử lý khiếu nại thông tin, quy trình nhận và giải quyết thông tin khách hàng, ghi nhận đầy đủ theo các biểu mâu của các quy trình này.</p>  <p>- Lập danh sách các khách hàng tiềm năng, đề xuất các kế hoạch/phương án tiếp cận, gặp gỡ, chăm sóc khách hàng nhằm quảng bá, giới thiệu sản phẩm/dịch vụ.</p>  <p>- Phối hợp với các đơn vị/cá nhân liên quan chào hàng và tham gia đàm phán, xúc tiến ký kết hợp đồng.</p>  <p>- Nhận và xử lý các khiếu nại của khách hàng về chất lượng sản phẩm, thời gian giao hàng…</p>  <p> </p>  <p>3. Theo dõi, đôn đốc quá trình thực hiện hợp đồng, hỗ trợ thu hồi công nợ:</p>  <p>- Lên dự thảo hợp đồng sau khi khách hàng đã đồng ý cơ bản, chuyển cho Quản lý trực tiếp xin ý kiến về các điều khoản hợp đồng. Lập thủ tục ký kết hợp đồng, tiến hành ký kết hợp đồng, phối hợp Quản lý trực tiếp và phòng Tài Chính Kế Toán trong việc lưu và theo dõi hợp đồng đã ký.</p>  <p>- Phối hợp bộ phận Dự Toán, Kế Toán để hoàn tất bảng báo giá</p>  <p>- Phối hợp bộ phận Kỹ Thuật trong công tác triển khai bản vẽ</p>  <p>- Phối hợp các bộ phận liên quan trong việc thực hiện hồ sơ thầu</p>  <p>- Theo dõi, phối hợp các bộ phận liên quan để đôn đốc quá trình thực hiện hợp đồng đảm bảo đúng yêu cầu, đúng thời hạn.</p>  <p>- Làm đầu mối tiếp nhận thông tin và phối hợp với các bên giao hàng và giải quyết các vấn đề phát sinh, vướng mắc liên quan đến nội dung hợp đồng.</p>  <p>- Hỗ trợ nhân viên kế toán chi nhánh/cửa hàng trong việc hoàn thiện hồ sơ thanh toán và đôn đốc thu hồi công nợ đến hạn, quá hạn.</p>  <p> </p>  <p>4. Quản lý hồ sơ khách hàng và thực hiện kế hoạch chăm sóc khách hàng:</p>  <p>- Lập hồ sơ quản lý khách hàng.</p>  <p>- Lên lịch và thực hiện chăm sóc khách hàng theo định kỳ tháng/quý/năm.</p>  <p>- Nắm bắt hoạt động, tình hình tài chính của khách hàng do mình quản lý.</p>  <p> </p>  <p>5. Thực hiện chế độ đào tạo, báo cáo định kỳ:</p>  <p>- Thực hiện báo cáo định kỳ với Quản lý trực tiếp về chi tiết kết quả hoạt động kinh doanh, khách hàng quản lý; số liệu tổng hợp về thị trường, khách hàng, khu vực, địa bàn… được thống kê và lập chính xác, đầy đủ và đúng hạn.</p>  <p>- Thực hiện chế độ lập kế hoạch công việc với Quản lý trực tiếp.</p>  <p>- Tuân thủ tham gia các khóa huấn luyện do nội bộ phòng hoặc Công ty tổ chức.</p>  <p>- Thực hiện các nhiệm vụ khác theo chức năng, yêu cầu của Quản lý trực tiếp.</p>  <p>- Tìm và thu thập thông tin, khai thác nguồn khách hàng</p>  <p>- Tư vấn sản phẩm</p>  <p>- Đàm phán, thực hiện hợp đồng, theo dõi và đôn đốc quá trình thực hiện hợp đồng</p>  <p>- Quản lý hồ sơ khách hàng cũ và liên hệ thường xuyên khách hàng tiềm năng</p>  <p>- Phối hợp bộ phận Dự Toán, Kế Toán để hoàn tất bảng báo giá</p>  <p>- Phối hợp bộ phận Kỹ Thuật trong công tác triển khai bản vẽ</p>  <p>- Phối hợp các bộ phận liên quan trong việc thực hiện hồ sơ thầu</p>  <p>- Theo dõi công nợ, làm việc trực tiếp với khách hàng để nhanh chóng thu hồi công nợ</p>                 ', '                   <p>- Tốt nghiệp trung câp trở lên chuyên ngành kinh tế, quản trị kinh doanh, thương mại, xây dựng, thiết kế, kiến trúc</p>  <p>- Ít nhất 02 năm kinh nghiệm ở vị trí Nhân viên kinh doanh, Thiết kế, Giám sát công trình tại các công ty Xây dựng, Vật liệu xây dựng.</p>  <p>- Sử dụng tốt MS Office</p>  <p>- Có thể đọc được AutoCad là 1 lợi thế</p>  <p>- Giao tiếp tốt, thuyết phục, quản lý thời gian</p>  <p>- Nhanh nhẹn, năng động, kiên trì, cầu tiến, tinh thần chủ động.</p>                 ', 'Nộp trực tuyến, Gửi kèm File, Trực tiếp', '- Các ứng viên quan tâm có thể nộp hồ sơ trực tuyến, email hay trực tiếp đến công ty     * Hồ sơ xin việc:    - Bản tóm tắt quá trình công tác nêu rõ ưu và nhược điểm và thành tích đạt được.   - Sơ yếu lý lịch, Chứng minh nhân dân, Sổ hộ khẩu, Bằng cấp liên quan, Giấy khám sức khỏe, (tất cả được chứng thực không quá 6 tháng, bổ sung sau khi ứng viên được tuyển dụng), 4 ảnh 4x6', '', 'Lầu 2 - Phòng 202B - 91 Pasteur, P. Bến Nghé, Q. 1,                                           Hồ Chí Minh,                                         Việt Nam', 'CÔNG TY TNHH PADO', '                               Thương lượng                          ', 'Tiếng Việt', '                           Nhân viên                        ', '               Trung cấp             ', '               2-5 năm kinh nghiệm             ', '25/10/2014&nbsp;&nbsp;', '24/11/2014 ', NULL, '                               Nam                          ', '                                                 Trên 25                                           ', '                           Toàn thời gian cố định                        ', NULL, NULL, '586317', '', '2014-10-27 00:04:24', '2014-10-27 00:04:24'),
	(64, 24, '               Kế Toán Viên           ', '                 <p>- Kiểm tra tính hợp lý, chính xác của các hóa đơn, chứng từ thu, chi, hợp đồng mua bán</p>  <p>- Thực hiện các nghiệp vụ kế toán trên phần mềm</p>  <p>- Theo dõi thu chi, tình hình công nợ, theo dõi và quyết toán các công trình xây dựng</p>  <p>- Theo dõi tình hình tăng giảm và khấu hao tài sản cố định</p>  <p>- Lập hồ sơ vay vốn ngân hàng, theo dõi và trả nợ ngân hàng theo đúng hạn định</p>  <p>- Kiểm tra chi phí lương và thực hiện chi lương</p>  <p>- Theo dõi công nợ của khách hàng lên kế hoạch thu hồi vốn và thanh toán đối với công nợ phải thu, phải trả.</p>  <p>- Làm các báo cáo ngân hàng, báo cáo thuế theo quy định.</p>                 ', '                   <p>- Tốt nghiệp hệ chính quy đúng chuyên ngành các trường đại học công lập</p>  <p>- Có kinh nghiệm làm việc trong lĩnh vực kế toán từ 5 năm trở lên, trong đó có ít nhất 3 năm kinh nghiệm ở vị trí tương đương.</p>  <p>- Ưu tiên Nam, những người có kinh nghiệm làm việc ở vị trí tương đương tại các công ty xây dựng</p>                 ', 'Nộp trực tuyến, Gửi kèm File, Trực tiếp', '- Các ứng viên quan tâm có thể nộp hồ sơ trực tuyến, email hay trực tiếp đến công ty     * Ứng viên quan tâm vui lòng gửi CV (có dán ảnh) cho chúng tôi theo địa chỉ: luyen.ht@kinhdotcigroup.com. Chúng tôi sẽ liên hệ với các ứng viên đạt yêu cầu. Bổ sung hồ sơ khi tham gia phỏng vấn ( chấp nhận hồ sơ phô tô)', '', 'VP Tầng 6, Tòa Nhà Kinh Đô, Số 93 Lò Đúc, Phường Phạm Đình Hổ, Quận Hai Bà Trưng,                                           Hà Nội,                                         Việt Nam', 'Phòng Nhân Sự', '                               Thương lượng                          ', 'Tiếng Việt', '                           Nhân viên                        ', '               Kỹ sư             ', '               5-10 năm kinh nghiệm             ', '25/10/2014&nbsp;&nbsp;', '24/11/2014 ', NULL, '                               Nam/Nữ                          ', '                                                 Trên 30                                           ', '                           Toàn thời gian cố định                        ', NULL, NULL, '586297', '', '2014-10-27 00:04:25', '2014-10-27 00:04:25'),
	(65, 24, '               Nhân Viên Sale Bất Động Sản Mảng Cho Thuê Văn Phòng           ', '                 <p>- Tìm kiếm khách hàng có nhu cầu cần thuê văn phòng trong nội thành Hà Nội thuộc dự án của Công ty đang hoạt động, giới thiệu, tư vấn cho khách hàng về diện tích mặt bằng phù hợp với yêu cầu của Khách hàng</p>  <p>- Xây dựng, triển khai các phương án kinh doanh đối với từng dự án</p>  <p>- Triển khai các hoạt động về marketing, bán hàng và hỗ trợ chăm sóc khách hàng</p>  <p>- Soạn thảo hợp đồng cho thuê, thực hiện ký kết hợp đồng cho thuê với khách hàng, làm các thủ tục liên quan đến việc ký kết hợp đồng của khách hàng.</p>                 ', '                   <p>- Có kinh nghiệm làm kinh doanh, mô giới BĐS, kinh doanh cho thuê văn phòng</p>  <p>- Nhanh nhẹn, hình thức ưa nhìn</p>  <p>- Có khả năng giao tiếp và thuyết phục khách hàng tốt</p>                 ', 'Nộp trực tuyến, Gửi kèm File, Trực tiếp', '- Các ứng viên quan tâm có thể nộp hồ sơ trực tuyến, email hay trực tiếp đến công ty     * Ứng viên quan tâm vui lòng gửi CV (có dán ảnh) cho chúng tôi theo địa chỉ: luyen.ht@kinhdotcigroup.com. Chúng tôi sẽ liên hệ với các ứng viên đạt yêu cầu. Bổ sung hồ sơ khi tham gia phỏng vấn ( chấp nhận hồ sơ phô tô)', '', 'VP Tầng 6, Tòa Nhà Kinh Đô, Số 93 Lò Đúc, Phường Phạm Đình Hổ, Quận Hai Bà Trưng,                                           Hà Nội,                                         Việt Nam', 'Phòng Nhân Sự', '                               Thương lượng                          ', 'Tiếng Việt', '                           Nhân viên                        ', '               Cử nhân             ', '               2-5 năm kinh nghiệm             ', '25/10/2014&nbsp;&nbsp;', '24/11/2014 ', NULL, '                               Nam/Nữ                          ', '                                                 Trên 25                                           ', '                           Toàn thời gian cố định                        ', NULL, NULL, '586290', '', '2014-10-27 00:04:25', '2014-10-27 00:04:25'),
	(66, 28, '               Kỹ Thuật Viên x-quang Làm Việc Tại Hồ Chí Minh           ', '                 <p>- Kiểm tra, vận hành, quản lý số liệu trên các máy Xquang, CT, cộng hưởng từ.</p>  <p>- Các công việc khác có liên quan</p>  <p>- Chi tiết trao đổi khi phỏng vấn</p>                 ', '                   <p>- Trình độ: Tốt nghiệp trung cấp chuyên ngành liên quan trở lên</p>  <p>- Kinh nghiệm: 0-1 năm</p>  <p>- Ưu tiên ứng viên đã từng làm việc tại các bệnh viện và phòng khám</p>  <p>- Thành thạo tin học văn phòng: excel và word</p>                 ', 'Nộp trực tuyến, Gửi kèm File, Trực tiếp', '- Các ứng viên quan tâm có thể nộp hồ sơ trực tuyến, qua email hay trực tiếp tại công ty', 'Ms. Ngọc', 'VP đại diện tại HCM: 48-50M Hoàng Quốc Việt - Q7 -,                                           Hồ Chí Minh,                                         Việt Nam', 'Phòng Nhân Sự', '                               Thương lượng                          ', 'Tiếng Việt', '                           Nhân viên                        ', '               Cao đẳng             ', '               0-1 năm kinh nghiệm             ', '25/10/2014&nbsp;&nbsp;', '24/11/2014 ', NULL, '                               Nam/Nữ                          ', '                                                 Trên 22                                           ', '                           Toàn thời gian cố định                        ', NULL, NULL, '586268', '', '2014-10-27 00:04:25', '2014-10-27 00:04:25');
/*!40000 ALTER TABLE `jobs` ENABLE KEYS */;


-- Dumping structure for table jobboardvn.job_applications
CREATE TABLE IF NOT EXISTS `job_applications` (
  `id` int(10) unsigned NOT NULL AUTO_INCREMENT,
  `job_id` int(10) unsigned NOT NULL,
  `name` varchar(150) DEFAULT NULL,
  `email` varchar(100) DEFAULT NULL,
  `cv_path` varchar(255) DEFAULT NULL,
  `message` text,
  `created_on` datetime NOT NULL,
  `ip` varchar(15) NOT NULL,
  PRIMARY KEY (`id`),
  KEY `job_id` (`job_id`)
) ENGINE=MyISAM DEFAULT CHARSET=utf8;

-- Dumping data for table jobboardvn.job_applications: 0 rows
/*!40000 ALTER TABLE `job_applications` DISABLE KEYS */;
/*!40000 ALTER TABLE `job_applications` ENABLE KEYS */;


-- Dumping structure for table jobboardvn.job_category
CREATE TABLE IF NOT EXISTS `job_category` (
  `id` int(11) NOT NULL AUTO_INCREMENT,
  `job_id` int(11) NOT NULL,
  `category_id` varchar(50) NOT NULL,
  PRIMARY KEY (`id`),
  UNIQUE KEY `job_id_category_id` (`job_id`,`category_id`)
) ENGINE=MyISAM AUTO_INCREMENT=153 DEFAULT CHARSET=utf8 ROW_FORMAT=DYNAMIC;

-- Dumping data for table jobboardvn.job_category: 75 rows
/*!40000 ALTER TABLE `job_category` DISABLE KEYS */;
INSERT INTO `job_category` (`id`, `job_id`, `category_id`) VALUES
	(106, 48, '19'),
	(120, 53, '1'),
	(107, 48, '31'),
	(108, 49, '2'),
	(79, 35, '34'),
	(102, 46, '33'),
	(80, 36, '1'),
	(81, 37, '7'),
	(82, 37, '20'),
	(83, 37, '31'),
	(104, 47, '28'),
	(78, 35, '20'),
	(86, 39, '9'),
	(87, 39, '35'),
	(84, 38, '5'),
	(85, 39, '6'),
	(88, 40, '23'),
	(109, 49, '19'),
	(110, 49, '31'),
	(111, 50, '6'),
	(118, 52, '8'),
	(112, 50, '13'),
	(113, 50, '31'),
	(119, 52, '29'),
	(114, 51, '4'),
	(115, 51, '31'),
	(116, 51, '136'),
	(117, 52, '1'),
	(103, 47, '2'),
	(105, 48, '2'),
	(89, 40, '33'),
	(90, 41, '23'),
	(91, 41, '33'),
	(92, 41, '34'),
	(93, 42, '23'),
	(94, 42, '33'),
	(95, 42, '127'),
	(96, 43, '11'),
	(97, 43, '148'),
	(98, 44, '28'),
	(99, 44, '145'),
	(100, 45, '28'),
	(101, 46, '23'),
	(121, 53, '6'),
	(122, 53, '18'),
	(123, 54, '4'),
	(124, 54, '9'),
	(125, 54, '31'),
	(126, 55, '2'),
	(127, 55, '22'),
	(128, 56, '15'),
	(129, 56, '20'),
	(130, 56, '35'),
	(131, 57, '2'),
	(132, 57, '31'),
	(133, 57, '35'),
	(134, 58, '31'),
	(135, 59, '11'),
	(136, 59, '14'),
	(137, 60, '8'),
	(138, 60, '29'),
	(139, 60, '145'),
	(140, 61, '8'),
	(141, 61, '16'),
	(142, 61, '23'),
	(143, 62, '19'),
	(144, 62, '130'),
	(145, 63, '8'),
	(146, 63, '31'),
	(147, 63, '139'),
	(148, 64, '1'),
	(149, 65, '29'),
	(150, 65, '31'),
	(151, 66, '11'),
	(152, 66, '14');
/*!40000 ALTER TABLE `job_category` ENABLE KEYS */;


-- Dumping structure for table jobboardvn.job_places
CREATE TABLE IF NOT EXISTS `job_places` (
  `id` int(11) NOT NULL AUTO_INCREMENT,
  `job_id` int(11) NOT NULL,
  `place_id` varchar(50) NOT NULL,
  PRIMARY KEY (`id`),
  UNIQUE KEY `job_id_place_id` (`job_id`,`place_id`)
) ENGINE=MyISAM AUTO_INCREMENT=86 DEFAULT CHARSET=utf8 ROW_FORMAT=DYNAMIC;

-- Dumping data for table jobboardvn.job_places: 47 rows
/*!40000 ALTER TABLE `job_places` DISABLE KEYS */;
INSERT INTO `job_places` (`id`, `job_id`, `place_id`) VALUES
	(76, 57, 'HN'),
	(75, 57, 'HCM'),
	(74, 56, 'HCM'),
	(73, 55, 'HCM'),
	(72, 54, 'HCM'),
	(71, 53, 'HCM'),
	(70, 52, 'HN'),
	(69, 51, 'HCM'),
	(68, 50, 'HCM'),
	(67, 49, 'HN'),
	(66, 48, 'HN'),
	(65, 47, 'HY'),
	(64, 47, 'HN'),
	(63, 46, 'HN'),
	(62, 45, 'TB'),
	(61, 45, 'ND'),
	(60, 45, 'HY'),
	(59, 45, 'HD'),
	(58, 45, 'HN'),
	(57, 44, 'TB'),
	(56, 44, 'HY'),
	(55, 44, 'HD'),
	(54, 44, 'BN'),
	(53, 44, 'HN'),
	(52, 43, 'HY'),
	(51, 43, 'HD'),
	(50, 43, 'BN'),
	(49, 43, 'BG'),
	(48, 43, 'HN'),
	(47, 42, 'DNI'),
	(46, 41, 'DNI'),
	(45, 40, 'DNI'),
	(44, 39, 'HCM'),
	(43, 38, 'HCM'),
	(42, 37, 'BRVT'),
	(41, 36, 'TN'),
	(40, 36, 'HCM'),
	(39, 35, 'HCM'),
	(77, 58, 'HN'),
	(78, 59, 'NT'),
	(79, 60, 'HCM'),
	(80, 61, 'HCM'),
	(81, 62, 'BD'),
	(82, 63, 'HCM'),
	(83, 64, 'HN'),
	(84, 65, 'HN'),
	(85, 66, 'HCM');
/*!40000 ALTER TABLE `job_places` ENABLE KEYS */;


-- Dumping structure for table jobboardvn.types
CREATE TABLE IF NOT EXISTS `types` (
  `id` int(11) NOT NULL AUTO_INCREMENT,
  `name` varchar(16) NOT NULL,
  `var_name` varchar(32) NOT NULL,
  PRIMARY KEY (`id`)
) ENGINE=MyISAM AUTO_INCREMENT=4 DEFAULT CHARSET=utf8 COMMENT='full-time/freelance';

-- Dumping data for table jobboardvn.types: 0 rows
/*!40000 ALTER TABLE `types` DISABLE KEYS */;
/*!40000 ALTER TABLE `types` ENABLE KEYS */;


-- Dumping structure for table jobboardvn.website
CREATE TABLE IF NOT EXISTS `website` (
  `id` int(11) NOT NULL AUTO_INCREMENT,
  `name` varchar(255) COLLATE utf8_unicode_ci DEFAULT NULL,
  `link` text COLLATE utf8_unicode_ci,
  PRIMARY KEY (`id`)
) ENGINE=InnoDB AUTO_INCREMENT=5 DEFAULT CHARSET=utf8 COLLATE=utf8_unicode_ci;

-- Dumping data for table jobboardvn.website: ~4 rows (approximately)
/*!40000 ALTER TABLE `website` DISABLE KEYS */;
INSERT INTO `website` (`id`, `name`, `link`) VALUES
	(1, 'Việc Làm 24h', 'hcm.vieclam.24h.com.vn'),
	(2, 'Tìm Việc Nhanh', 'timviecnhanh.com'),
	(3, 'CareerLink', 'careerlink.vn'),
	(4, 'Việc Làm Tuổi Trẻ', 'vieclam.tuoitre.vn/vi/tim-viec-nhanh.html');
/*!40000 ALTER TABLE `website` ENABLE KEYS */;


-- Dumping structure for table jobboardvn.website_category
CREATE TABLE IF NOT EXISTS `website_category` (
  `id` int(11) NOT NULL AUTO_INCREMENT,
  `web_id` int(11) NOT NULL DEFAULT '0',
  `cat_name` text COLLATE utf8_unicode_ci,
  `cat_link` text COLLATE utf8_unicode_ci,
  `cat_item_link` text COLLATE utf8_unicode_ci,
  PRIMARY KEY (`id`),
  KEY `FK_website_category_website` (`web_id`),
  CONSTRAINT `FK_website_category_website` FOREIGN KEY (`web_id`) REFERENCES `website` (`id`)
) ENGINE=InnoDB AUTO_INCREMENT=23 DEFAULT CHARSET=utf8 COLLATE=utf8_unicode_ci;

-- Dumping data for table jobboardvn.website_category: ~21 rows (approximately)
/*!40000 ALTER TABLE `website_category` DISABLE KEYS */;
INSERT INTO `website_category` (`id`, `web_id`, `cat_name`, `cat_link`, `cat_item_link`) VALUES
	(1, 3, 'Bán hàng', 'http://www.careerlink.vn/viec-lam/ban-hang/31', '/viec-lam/ban-hang/31?page='),
	(2, 3, 'Bất động sản', 'http://www.careerlink.vn/viec-lam/bat-dong-san/29', '/viec-lam/bat-dong-san/29?page='),
	(3, 3, 'Chăm sóc sức khỏe/ Y tế', 'http://www.careerlink.vn/viec-lam/cham-soc-suc-khoe-y-te/14', '/viec-lam/cham-soc-suc-khoe-y-te/14?page='),
	(4, 3, 'Dầu khí/ Khoáng sản', 'http://www.careerlink.vn/viec-lam/dau-khi-khoang-san/26', '/viec-lam/dau-khi-khoang-san/26?page='),
	(5, 3, 'Dược/ Sinh học', 'http://www.careerlink.vn/viec-lam/duoc-sinh-hoc/28', '/viec-lam/duoc-sinh-hoc/28?page='),
	(6, 3, 'Hóa chất/ Sinh hóa/ Thực phẩm', 'http://www.careerlink.vn/viec-lam/hoa-chat-sinh-hoa-thuc-pham/127', '/viec-lam/hoa-chat-sinh-hoa-thuc-pham/127?page='),
	(7, 3, 'Kiến trúc', 'http://www.careerlink.vn/viec-lam/kien-truc/139', '/viec-lam/kien-truc/139?page='),
	(8, 3, 'Môi trường/ Xử lý chất thải', 'http://www.careerlink.vn/viec-lam/moi-truong-xu-ly-chat-thai/142', '/viec-lam/moi-truong-xu-ly-chat-thai/142?page='),
	(9, 3, 'Nghệ thuật/ Thiết kế/ Giải trí', 'http://www.careerlink.vn/viec-lam/nghe-thuat-thiet-ke-giai-tri/4', '/viec-lam/nghe-thuat-thiet-ke-giai-tri/4?page='),
	(10, 3, 'Nhân sự', 'http://www.careerlink.vn/viec-lam/nhan-su/16', '/viec-lam/nhan-su/16?page='),
	(11, 3, 'Pháp lý/ Luật', 'http://www.careerlink.vn/viec-lam/phap-ly-luat/21', '/viec-lam/phap-ly-luat/21?page='),
	(12, 3, 'Quản lý điều hành', 'http://www.careerlink.vn/viec-lam/quan-ly-dieu-hanh/22', '/viec-lam/quan-ly-dieu-hanh/22?page='),
	(13, 3, 'Thư ký/ Hành chánh', 'http://www.careerlink.vn/viec-lam/thu-ky-hanh-chanh/6', '/viec-lam/thu-ky-hanh-chanh/6?page='),
	(14, 3, 'Vận chuyển/ Giao thông/ Kho bãi', 'http://www.careerlink.vn/viec-lam/van-chuyen-giao-thong-kho-bai/34', '/viec-lam/van-chuyen-giao-thong-kho-bai/34?page='),
	(15, 3, 'Xây dựng', 'http://www.careerlink.vn/viec-lam/xay-dung/8', '/viec-lam/xay-dung/8?page='),
	(16, 3, 'Báo chí/ Biên tập viên/ Xuất bản', 'http://www.careerlink.vn/viec-lam/bao-chi-bien-tap-vien-xuat-ban/24', '/viec-lam/bao-chi-bien-tap-vien-xuat-ban/24?page='),
	(17, 3, 'Biên phiên dịch/ Thông dịch viên', 'http://www.careerlink.vn/viec-lam/bien-phien-dich-thong-dich-vien/18', '/viec-lam/bien-phien-dich-thong-dich-vien/18?page='),
	(18, 3, 'CNTT - Phần cứng/ Mạng', 'http://www.careerlink.vn/viec-lam/bien-phien-dich-thong-dich-vien/18', '/viec-lam/bien-phien-dich-thong-dich-vien/18?page='),
	(19, 3, 'Dệt may/ Da giày', 'http://www.careerlink.vn/viec-lam/det-may-da-giay/33', '/viec-lam/det-may-da-giay/33?page='),
	(20, 3, 'Điện/ Điện tử', 'http://www.careerlink.vn/viec-lam/dien-dien-tu/148', '/viec-lam/dien-dien-tu/148?page='),
	(21, 3, 'Kế toán/ Tài chính/ Kiểm toán', 'http://www.careerlink.vn/viec-lam/ke-toan-tai-chinh-kiem-toan/1', '/viec-lam/ke-toan-tai-chinh-kiem-toan/1?page='),
	(22, 3, 'Kỹ thuật ứng dụng/ Cơ khí', 'http://www.careerlink.vn/viec-lam/ky-thuat-ung-dung-co-khi/11', '/viec-lam/ky-thuat-ung-dung-co-khi/11?page=');
/*!40000 ALTER TABLE `website_category` ENABLE KEYS */;
/*!40101 SET SQL_MODE=IFNULL(@OLD_SQL_MODE, '') */;
/*!40014 SET FOREIGN_KEY_CHECKS=IF(@OLD_FOREIGN_KEY_CHECKS IS NULL, 1, @OLD_FOREIGN_KEY_CHECKS) */;
/*!40101 SET CHARACTER_SET_CLIENT=@OLD_CHARACTER_SET_CLIENT */;
